{
"type": "FeatureCollection",
"name": "maranhao_limite_2025_web",
"crs": { "type": "name", "properties": { "name": "urn:ogc:def:crs:OGC:1.3:CRS84" } },
"xy_coordinate_resolution": 1e-06,
"features": [
{ "type": "Feature", "properties": { "fid": 1, "CD_UF": "21", "NM_UF": "Maranhão", "SIGLA_UF": "MA", "CD_REGIAO": "2", "NM_REGIAO": "Nordeste", "SIGLA_RG": "NE", "AREA_KM2": 329651.463 }, "geometry": { "type": "MultiPolygon", "coordinates": [ [ [ [ -45.869856, -10.074879 ], [ -45.871491, -10.074504 ], [ -45.870698, -10.075226 ], [ -45.87145, -10.076291 ], [ -45.87057, -10.080186 ], [ -45.872013, -10.083067 ], [ -45.872965, -10.08338 ], [ -45.8725, -10.084307 ], [ -45.873502, -10.085689 ], [ -45.874444, -10.085218 ], [ -45.873341, -10.088624 ], [ -45.875749, -10.091679 ], [ -45.8761, -10.09491 ], [ -45.876788, -10.095587 ], [ -45.876363, -10.097291 ], [ -45.877137, -10.097671 ], [ -45.877316, -10.100564 ], [ -45.87663, -10.100479 ], [ -45.876461, -10.102182 ], [ -45.878439, -10.103537 ], [ -45.877344, -10.106586 ], [ -45.878797, -10.108851 ], [ -45.878544, -10.110299 ], [ -45.883263, -10.110797 ], [ -45.881984, -10.111567 ], [ -45.883439, -10.112668 ], [ -45.883013, -10.113603 ], [ -45.886275, -10.114062 ], [ -45.886281, -10.11661 ], [ -45.886792, -10.116018 ], [ -45.887567, -10.116526 ], [ -45.887575, -10.119419 ], [ -45.888692, -10.11984 ], [ -45.888523, -10.121031 ], [ -45.890153, -10.121197 ], [ -45.892492, -10.129059 ], [ -45.897745, -10.136571 ], [ -45.899147, -10.147198 ], [ -45.898211, -10.149753 ], [ -45.900021, -10.152769 ], [ -45.903629, -10.154544 ], [ -45.905007, -10.156154 ], [ -45.911357, -10.156819 ], [ -45.913506, -10.158387 ], [ -45.915411, -10.164165 ], [ -45.924267, -10.171158 ], [ -45.924366, -10.175665 ], [ -45.926433, -10.178466 ], [ -45.926871, -10.181952 ], [ -45.931187, -10.190826 ], [ -45.932218, -10.190655 ], [ -45.932909, -10.191757 ], [ -45.934704, -10.190139 ], [ -45.93831, -10.190892 ], [ -45.941402, -10.192457 ], [ -45.945619, -10.196442 ], [ -45.944169, -10.199084 ], [ -45.943917, -10.201381 ], [ -45.94547, -10.204225 ], [ -45.945732, -10.20682 ], [ -45.948572, -10.208894 ], [ -45.952362, -10.213392 ], [ -45.955295, -10.218443 ], [ -45.956073, -10.221077 ], [ -45.955231, -10.226014 ], [ -45.949934, -10.234152 ], [ -45.945883, -10.256532 ], [ -45.946265, -10.25855 ], [ -45.970837, -10.248966 ], [ -45.973947, -10.24837 ], [ -45.979452, -10.249388 ], [ -45.989281, -10.24924 ], [ -45.996248, -10.250315 ], [ -45.998834, -10.257453 ], [ -46.002971, -10.261765 ], [ -46.004051, -10.261658 ], [ -46.006324, -10.259628 ], [ -46.013692, -10.248838 ], [ -46.017724, -10.240392 ], [ -46.018551, -10.233604 ], [ -46.018079, -10.218742 ], [ -46.020069, -10.204303 ], [ -46.023142, -10.190276 ], [ -46.023221, -10.183381 ], [ -46.028278, -10.17687 ], [ -46.031247, -10.176111 ], [ -46.039007, -10.176734 ], [ -46.044447, -10.18002 ], [ -46.050859, -10.181671 ], [ -46.058411, -10.185563 ], [ -46.074334, -10.197611 ], [ -46.092835, -10.209901 ], [ -46.099726, -10.2129 ], [ -46.10713, -10.212882 ], [ -46.124026, -10.207875 ], [ -46.130331, -10.206516 ], [ -46.135913, -10.206354 ], [ -46.140413, -10.206757 ], [ -46.148053, -10.210472 ], [ -46.155142, -10.211464 ], [ -46.163303, -10.213633 ], [ -46.168975, -10.211384 ], [ -46.171502, -10.209164 ], [ -46.177535, -10.20207 ], [ -46.183197, -10.193132 ], [ -46.191195, -10.187588 ], [ -46.20201, -10.174009 ], [ -46.20558, -10.171328 ], [ -46.210869, -10.169735 ], [ -46.218887, -10.170172 ], [ -46.223638, -10.171378 ], [ -46.233105, -10.172343 ], [ -46.240834, -10.171886 ], [ -46.250079, -10.174474 ], [ -46.268293, -10.18121 ], [ -46.273003, -10.181615 ], [ -46.278943, -10.181348 ], [ -46.286254, -10.179165 ], [ -46.296749, -10.178116 ], [ -46.301445, -10.178326 ], [ -46.30564, -10.177097 ], [ -46.307894, -10.1748 ], [ -46.313082, -10.172824 ], [ -46.315889, -10.176321 ], [ -46.318834, -10.178096 ], [ -46.321092, -10.180721 ], [ -46.324779, -10.183189 ], [ -46.327525, -10.183694 ], [ -46.334727, -10.181065 ], [ -46.341753, -10.17604 ], [ -46.348212, -10.173093 ], [ -46.355023, -10.172802 ], [ -46.367889, -10.168814 ], [ -46.37014, -10.166246 ], [ -46.371866, -10.157509 ], [ -46.371174, -10.154703 ], [ -46.374036, -10.149228 ], [ -46.379003, -10.130123 ], [ -46.383969, -10.120142 ], [ -46.395534, -10.108648 ], [ -46.399727, -10.105775 ], [ -46.41009, -10.093297 ], [ -46.41411, -10.087166 ], [ -46.420695, -10.080879 ], [ -46.425361, -10.079386 ], [ -46.437978, -10.079118 ], [ -46.4452, -10.077387 ], [ -46.446875, -10.074366 ], [ -46.448422, -10.065273 ], [ -46.450979, -10.058613 ], [ -46.453558, -10.052953 ], [ -46.456529, -10.049924 ], [ -46.457421, -10.047281 ], [ -46.456338, -10.042117 ], [ -46.456278, -10.036904 ], [ -46.457085, -10.018017 ], [ -46.461559, -10.010204 ], [ -46.468562, -10.001475 ], [ -46.471078, -9.995075 ], [ -46.47731, -9.989847 ], [ -46.477584, -9.988301 ], [ -46.476087, -9.98198 ], [ -46.472249, -9.975457 ], [ -46.471866, -9.973654 ], [ -46.472246, -9.968891 ], [ -46.476632, -9.95703 ], [ -46.477008, -9.952749 ], [ -46.475166, -9.948652 ], [ -46.471697, -9.946842 ], [ -46.470258, -9.945152 ], [ -46.466416, -9.939327 ], [ -46.465724, -9.937057 ], [ -46.470201, -9.929503 ], [ -46.473906, -9.926701 ], [ -46.477903, -9.92496 ], [ -46.478611, -9.923869 ], [ -46.478753, -9.920054 ], [ -46.474225, -9.901405 ], [ -46.471232, -9.899697 ], [ -46.47084, -9.898047 ], [ -46.472506, -9.891394 ], [ -46.472899, -9.87744 ], [ -46.475226, -9.875727 ], [ -46.484976, -9.874525 ], [ -46.489474, -9.872443 ], [ -46.491645, -9.87007 ], [ -46.492285, -9.86637 ], [ -46.490139, -9.86115 ], [ -46.487474, -9.8596 ], [ -46.481253, -9.857723 ], [ -46.480254, -9.856869 ], [ -46.480334, -9.855255 ], [ -46.484471, -9.852548 ], [ -46.493033, -9.849159 ], [ -46.49606, -9.846006 ], [ -46.497139, -9.843679 ], [ -46.49359, -9.831736 ], [ -46.493644, -9.827424 ], [ -46.50195, -9.820154 ], [ -46.505807, -9.812481 ], [ -46.50887, -9.809262 ], [ -46.509448, -9.801367 ], [ -46.512867, -9.797503 ], [ -46.514308, -9.797751 ], [ -46.527146, -9.804964 ], [ -46.53578, -9.808615 ], [ -46.54239, -9.810312 ], [ -46.562478, -9.810689 ], [ -46.571592, -9.808037 ], [ -46.577006, -9.805179 ], [ -46.578668, -9.802164 ], [ -46.579665, -9.796345 ], [ -46.570808, -9.781104 ], [ -46.570031, -9.777499 ], [ -46.569342, -9.769724 ], [ -46.570731, -9.765898 ], [ -46.575086, -9.758575 ], [ -46.576782, -9.756912 ], [ -46.58611, -9.753406 ], [ -46.591537, -9.748863 ], [ -46.596139, -9.747251 ], [ -46.604085, -9.747385 ], [ -46.623667, -9.75021 ], [ -46.632229, -9.748877 ], [ -46.642258, -9.742725 ], [ -46.644394, -9.740333 ], [ -46.64742, -9.73035 ], [ -46.645306, -9.719668 ], [ -46.64562, -9.716587 ], [ -46.646476, -9.712498 ], [ -46.649601, -9.707 ], [ -46.650285, -9.702199 ], [ -46.653337, -9.693442 ], [ -46.65125, -9.690044 ], [ -46.638279, -9.683031 ], [ -46.625811, -9.675096 ], [ -46.615617, -9.667039 ], [ -46.613057, -9.665808 ], [ -46.608812, -9.658193 ], [ -46.606864, -9.651887 ], [ -46.605949, -9.645832 ], [ -46.606118, -9.630163 ], [ -46.595534, -9.614235 ], [ -46.591332, -9.605341 ], [ -46.590308, -9.597569 ], [ -46.59054, -9.594669 ], [ -46.592451, -9.590465 ], [ -46.592388, -9.5872 ], [ -46.589814, -9.584537 ], [ -46.583145, -9.58556 ], [ -46.579305, -9.584077 ], [ -46.568499, -9.577838 ], [ -46.562307, -9.572691 ], [ -46.539166, -9.560145 ], [ -46.536755, -9.557109 ], [ -46.537285, -9.55511 ], [ -46.540479, -9.550162 ], [ -46.552952, -9.544331 ], [ -46.557021, -9.540765 ], [ -46.558037, -9.53418 ], [ -46.559779, -9.532435 ], [ -46.564845, -9.529997 ], [ -46.568453, -9.527132 ], [ -46.570264, -9.524458 ], [ -46.574528, -9.520683 ], [ -46.57569, -9.517549 ], [ -46.575782, -9.50825 ], [ -46.574168, -9.505942 ], [ -46.571421, -9.504345 ], [ -46.566194, -9.498826 ], [ -46.559198, -9.492993 ], [ -46.558946, -9.491183 ], [ -46.560976, -9.484033 ], [ -46.564006, -9.480426 ], [ -46.569505, -9.478103 ], [ -46.573256, -9.477762 ], [ -46.583173, -9.478986 ], [ -46.585535, -9.479724 ], [ -46.588811, -9.482367 ], [ -46.592661, -9.483459 ], [ -46.595373, -9.481872 ], [ -46.597984, -9.474084 ], [ -46.600479, -9.470455 ], [ -46.604532, -9.468256 ], [ -46.613455, -9.465282 ], [ -46.621282, -9.466317 ], [ -46.625364, -9.46643 ], [ -46.627591, -9.465723 ], [ -46.631898, -9.461567 ], [ -46.637862, -9.459404 ], [ -46.640005, -9.457721 ], [ -46.649564, -9.444091 ], [ -46.649764, -9.440501 ], [ -46.647924, -9.427145 ], [ -46.643757, -9.419614 ], [ -46.641867, -9.4177 ], [ -46.633757, -9.413763 ], [ -46.632783, -9.411588 ], [ -46.638252, -9.410441 ], [ -46.643455, -9.410288 ], [ -46.651584, -9.406067 ], [ -46.659841, -9.398952 ], [ -46.661676, -9.395787 ], [ -46.665976, -9.391919 ], [ -46.674923, -9.390785 ], [ -46.683563, -9.392998 ], [ -46.694028, -9.398031 ], [ -46.700228, -9.398969 ], [ -46.719195, -9.395972 ], [ -46.723312, -9.396365 ], [ -46.729788, -9.398566 ], [ -46.73795, -9.404853 ], [ -46.741036, -9.412022 ], [ -46.746028, -9.414394 ], [ -46.751588, -9.414596 ], [ -46.754313, -9.413803 ], [ -46.763367, -9.408952 ], [ -46.765678, -9.406331 ], [ -46.765953, -9.401896 ], [ -46.759567, -9.388468 ], [ -46.758674, -9.381217 ], [ -46.766314, -9.36767 ], [ -46.768315, -9.365505 ], [ -46.779671, -9.358501 ], [ -46.783338, -9.351088 ], [ -46.791331, -9.345881 ], [ -46.799172, -9.338843 ], [ -46.804698, -9.326643 ], [ -46.807064, -9.32502 ], [ -46.809848, -9.317789 ], [ -46.810954, -9.313539 ], [ -46.810063, -9.308469 ], [ -46.811063, -9.306749 ], [ -46.813281, -9.304762 ], [ -46.818752, -9.303438 ], [ -46.827475, -9.305919 ], [ -46.831595, -9.30802 ], [ -46.835312, -9.308219 ], [ -46.842254, -9.304448 ], [ -46.845142, -9.299824 ], [ -46.847063, -9.292422 ], [ -46.844644, -9.284174 ], [ -46.842529, -9.282534 ], [ -46.839447, -9.281432 ], [ -46.834334, -9.28086 ], [ -46.832731, -9.279591 ], [ -46.831896, -9.276057 ], [ -46.833366, -9.273531 ], [ -46.831751, -9.268722 ], [ -46.827282, -9.268156 ], [ -46.82276, -9.266324 ], [ -46.819589, -9.262052 ], [ -46.818945, -9.260057 ], [ -46.819149, -9.257433 ], [ -46.822177, -9.249937 ], [ -46.826395, -9.245426 ], [ -46.828894, -9.24009 ], [ -46.826867, -9.223327 ], [ -46.819613, -9.211618 ], [ -46.819372, -9.209351 ], [ -46.822313, -9.202937 ], [ -46.822784, -9.199045 ], [ -46.827812, -9.194269 ], [ -46.831005, -9.193471 ], [ -46.833084, -9.194114 ], [ -46.83728, -9.197661 ], [ -46.839287, -9.197585 ], [ -46.84612, -9.194901 ], [ -46.850705, -9.191839 ], [ -46.851896, -9.190031 ], [ -46.852367, -9.186136 ], [ -46.848227, -9.171543 ], [ -46.84781, -9.16801 ], [ -46.850001, -9.166021 ], [ -46.848731, -9.165745 ], [ -46.850479, -9.162862 ], [ -46.852033, -9.161959 ], [ -46.85242, -9.154449 ], [ -46.85662, -9.150664 ], [ -46.859728, -9.149133 ], [ -46.861117, -9.146423 ], [ -46.864038, -9.146086 ], [ -46.870951, -9.147011 ], [ -46.877424, -9.143689 ], [ -46.884619, -9.143904 ], [ -46.889283, -9.142297 ], [ -46.891674, -9.140492 ], [ -46.892309, -9.138326 ], [ -46.890425, -9.134697 ], [ -46.888783, -9.128705 ], [ -46.889922, -9.124365 ], [ -46.893558, -9.122302 ], [ -46.895966, -9.122539 ], [ -46.899998, -9.128019 ], [ -46.905649, -9.131052 ], [ -46.906281, -9.132221 ], [ -46.905974, -9.134307 ], [ -46.906735, -9.135488 ], [ -46.910285, -9.132786 ], [ -46.913361, -9.134342 ], [ -46.917677, -9.132093 ], [ -46.920843, -9.133923 ], [ -46.923672, -9.133931 ], [ -46.926309, -9.134944 ], [ -46.929231, -9.132324 ], [ -46.931803, -9.128066 ], [ -46.931482, -9.120789 ], [ -46.930123, -9.119291 ], [ -46.927646, -9.119827 ], [ -46.926197, -9.117643 ], [ -46.926476, -9.11457 ], [ -46.930064, -9.109513 ], [ -46.930257, -9.105981 ], [ -46.928258, -9.104075 ], [ -46.926727, -9.100805 ], [ -46.924921, -9.099799 ], [ -46.923559, -9.097889 ], [ -46.923755, -9.096169 ], [ -46.925122, -9.095271 ], [ -46.930589, -9.095664 ], [ -46.930865, -9.093666 ], [ -46.930224, -9.092848 ], [ -46.928311, -9.092576 ], [ -46.930978, -9.088508 ], [ -46.931538, -9.085888 ], [ -46.930648, -9.083889 ], [ -46.929096, -9.083338 ], [ -46.923867, -9.086847 ], [ -46.918974, -9.087188 ], [ -46.916868, -9.0841 ], [ -46.91387, -9.083905 ], [ -46.912149, -9.082724 ], [ -46.913423, -9.078568 ], [ -46.917839, -9.074235 ], [ -46.921625, -9.066813 ], [ -46.92489, -9.065127 ], [ -46.929156, -9.065768 ], [ -46.932449, -9.064425 ], [ -46.93581, -9.065077 ], [ -46.940288, -9.063741 ], [ -46.954202, -9.0695 ], [ -46.965643, -9.078606 ], [ -46.971813, -9.079902 ], [ -46.975926, -9.081729 ], [ -46.987136, -9.075536 ], [ -46.989338, -9.075172 ], [ -46.992938, -9.076183 ], [ -46.998702, -9.076394 ], [ -47.000424, -9.081478 ], [ -47.002586, -9.081124 ], [ -47.007341, -9.082193 ], [ -47.009428, -9.080186 ], [ -47.011619, -9.079724 ], [ -47.013616, -9.078084 ], [ -47.010426, -9.074746 ], [ -47.009399, -9.072393 ], [ -47.010206, -9.0703 ], [ -47.014312, -9.07237 ], [ -47.016869, -9.071361 ], [ -47.01734, -9.07435 ], [ -47.018534, -9.075619 ], [ -47.023565, -9.076046 ], [ -47.026458, -9.073308 ], [ -47.032571, -9.072015 ], [ -47.034375, -9.069464 ], [ -47.035649, -9.070278 ], [ -47.037563, -9.068823 ], [ -47.041124, -9.068162 ], [ -47.044512, -9.069698 ], [ -47.045675, -9.068511 ], [ -47.047508, -9.071038 ], [ -47.048422, -9.071309 ], [ -47.054341, -9.070013 ], [ -47.05545, -9.068829 ], [ -47.056044, -9.066532 ], [ -47.061176, -9.064728 ], [ -47.068733, -9.063875 ], [ -47.070552, -9.061954 ], [ -47.067991, -9.056012 ], [ -47.064144, -9.05655 ], [ -47.062113, -9.054202 ], [ -47.058761, -9.054038 ], [ -47.057727, -9.052954 ], [ -47.058732, -9.050319 ], [ -47.061557, -9.049125 ], [ -47.061732, -9.048133 ], [ -47.060372, -9.047507 ], [ -47.056022, -9.049405 ], [ -47.054254, -9.048165 ], [ -47.052038, -9.038928 ], [ -47.052092, -9.036748 ], [ -47.054204, -9.035288 ], [ -47.054454, -9.034385 ], [ -47.054092, -9.033751 ], [ -47.050978, -9.033034 ], [ -47.048787, -9.031144 ], [ -47.047676, -9.027885 ], [ -47.043483, -9.026549 ], [ -47.04531, -9.025539 ], [ -47.043845, -9.023825 ], [ -47.044008, -9.02291 ], [ -47.048759, -9.021805 ], [ -47.046734, -9.017829 ], [ -47.047258, -9.016553 ], [ -47.048622, -9.015648 ], [ -47.051284, -9.015545 ], [ -47.0534, -9.0178 ], [ -47.054679, -9.017698 ], [ -47.056481, -9.018871 ], [ -47.057673, -9.016595 ], [ -47.063918, -9.016541 ], [ -47.066798, -9.014879 ], [ -47.068501, -9.012022 ], [ -47.067477, -9.010386 ], [ -47.06209, -9.007692 ], [ -47.055783, -9.006998 ], [ -47.053533, -9.007549 ], [ -47.04915, -9.005213 ], [ -47.045712, -9.006802 ], [ -47.044033, -9.006867 ], [ -47.042068, -9.003014 ], [ -47.036617, -8.9995 ], [ -47.035505, -8.992889 ], [ -47.035864, -8.989814 ], [ -47.032423, -8.986279 ], [ -47.03243, -8.984922 ], [ -47.036147, -8.980296 ], [ -47.0357, -8.978943 ], [ -47.031788, -8.979935 ], [ -47.030672, -8.984467 ], [ -47.031789, -8.988367 ], [ -47.026403, -8.990085 ], [ -47.023317, -8.988638 ], [ -47.021561, -8.988641 ], [ -47.020926, -8.987732 ], [ -47.022122, -8.983202 ], [ -47.021562, -8.98048 ], [ -47.01537, -8.976316 ], [ -47.014726, -8.974597 ], [ -47.014928, -8.969877 ], [ -47.013179, -8.966802 ], [ -47.013641, -8.964359 ], [ -47.016561, -8.961185 ], [ -47.017648, -8.958921 ], [ -47.017285, -8.955027 ], [ -47.01828, -8.952936 ], [ -47.01301, -8.952307 ], [ -47.01265, -8.951674 ], [ -47.013735, -8.949493 ], [ -47.011255, -8.946604 ], [ -47.005899, -8.946959 ], [ -47.001616, -8.944698 ], [ -46.999866, -8.946647 ], [ -46.998031, -8.946736 ], [ -46.994677, -8.945526 ], [ -46.993558, -8.943639 ], [ -46.994374, -8.941456 ], [ -46.996871, -8.938889 ], [ -46.997648, -8.935707 ], [ -46.99706, -8.932634 ], [ -46.995283, -8.930574 ], [ -46.984753, -8.932351 ], [ -46.983924, -8.931902 ], [ -46.981984, -8.922333 ], [ -46.98239, -8.919972 ], [ -46.980476, -8.919728 ], [ -46.978006, -8.917772 ], [ -46.973419, -8.917289 ], [ -46.971419, -8.916405 ], [ -46.970289, -8.914492 ], [ -46.971302, -8.909213 ], [ -46.975622, -8.903037 ], [ -46.979121, -8.901274 ], [ -46.982788, -8.902939 ], [ -46.986398, -8.898725 ], [ -46.984175, -8.896671 ], [ -46.984144, -8.894858 ], [ -46.986038, -8.892936 ], [ -46.988945, -8.892618 ], [ -46.986451, -8.890841 ], [ -46.986069, -8.888394 ], [ -46.988736, -8.884474 ], [ -46.991815, -8.883616 ], [ -46.992782, -8.880609 ], [ -46.993589, -8.880239 ], [ -46.992922, -8.878889 ], [ -46.989339, -8.876131 ], [ -46.985342, -8.875462 ], [ -46.983118, -8.87395 ], [ -46.982447, -8.870424 ], [ -46.981338, -8.869445 ], [ -46.977866, -8.869037 ], [ -46.978114, -8.867769 ], [ -46.972143, -8.866581 ], [ -46.96881, -8.866534 ], [ -46.965562, -8.867668 ], [ -46.961176, -8.874437 ], [ -46.959728, -8.87545 ], [ -46.956891, -8.874489 ], [ -46.955231, -8.871433 ], [ -46.951562, -8.871124 ], [ -46.949727, -8.870154 ], [ -46.946446, -8.863855 ], [ -46.941558, -8.859479 ], [ -46.937006, -8.857912 ], [ -46.930534, -8.857281 ], [ -46.924927, -8.859528 ], [ -46.923228, -8.85702 ], [ -46.921237, -8.856228 ], [ -46.919788, -8.85724 ], [ -46.918147, -8.856995 ], [ -46.915923, -8.855032 ], [ -46.914896, -8.853058 ], [ -46.916034, -8.850591 ], [ -46.915758, -8.849779 ], [ -46.913926, -8.84908 ], [ -46.913451, -8.847826 ], [ -46.918315, -8.843676 ], [ -46.918087, -8.839697 ], [ -46.914033, -8.836487 ], [ -46.914283, -8.83522 ], [ -46.912457, -8.83443 ], [ -46.911001, -8.836161 ], [ -46.90981, -8.835276 ], [ -46.907285, -8.828425 ], [ -46.913677, -8.822819 ], [ -46.913204, -8.821823 ], [ -46.910339, -8.820412 ], [ -46.909594, -8.818453 ], [ -46.905566, -8.817577 ], [ -46.903922, -8.816603 ], [ -46.902807, -8.814536 ], [ -46.904121, -8.809993 ], [ -46.903094, -8.809105 ], [ -46.903063, -8.807288 ], [ -46.90523, -8.79811 ], [ -46.906399, -8.79746 ], [ -46.906561, -8.796556 ], [ -46.906096, -8.794653 ], [ -46.902953, -8.792162 ], [ -46.902668, -8.790901 ], [ -46.903617, -8.788263 ], [ -46.905228, -8.786425 ], [ -46.904231, -8.77856 ], [ -46.905007, -8.77547 ], [ -46.90751, -8.772079 ], [ -46.907204, -8.770097 ], [ -46.908282, -8.769356 ], [ -46.910564, -8.769775 ], [ -46.911282, -8.768772 ], [ -46.909708, -8.766978 ], [ -46.909592, -8.764532 ], [ -46.913508, -8.76494 ], [ -46.917313, -8.762441 ], [ -46.917594, -8.758174 ], [ -46.918478, -8.756536 ], [ -46.917651, -8.753739 ], [ -46.917948, -8.751285 ], [ -46.920585, -8.749346 ], [ -46.923341, -8.744966 ], [ -46.924868, -8.744221 ], [ -46.926114, -8.735327 ], [ -46.928784, -8.731848 ], [ -46.931281, -8.726752 ], [ -46.930899, -8.725026 ], [ -46.928598, -8.723421 ], [ -46.922561, -8.727675 ], [ -46.921644, -8.727593 ], [ -46.919074, -8.725208 ], [ -46.917257, -8.726111 ], [ -46.916474, -8.723138 ], [ -46.914035, -8.722444 ], [ -46.914951, -8.718269 ], [ -46.913729, -8.713572 ], [ -46.914678, -8.71112 ], [ -46.914369, -8.708583 ], [ -46.904533, -8.701012 ], [ -46.902445, -8.695975 ], [ -46.90062, -8.694452 ], [ -46.890757, -8.691233 ], [ -46.886949, -8.68649 ], [ -46.88709, -8.683583 ], [ -46.888922, -8.677406 ], [ -46.888592, -8.673602 ], [ -46.889174, -8.669788 ], [ -46.891619, -8.668399 ], [ -46.893757, -8.665466 ], [ -46.896232, -8.665262 ], [ -46.896558, -8.664252 ], [ -46.894978, -8.660742 ], [ -46.895696, -8.659741 ], [ -46.900256, -8.659862 ], [ -46.902254, -8.661458 ], [ -46.903895, -8.661712 ], [ -46.902089, -8.654403 ], [ -46.902618, -8.653217 ], [ -46.904058, -8.652563 ], [ -46.906176, -8.654341 ], [ -46.907096, -8.653973 ], [ -46.907871, -8.651327 ], [ -46.916394, -8.648407 ], [ -46.915501, -8.645071 ], [ -46.912363, -8.641853 ], [ -46.911695, -8.639686 ], [ -46.914062, -8.637664 ], [ -46.915233, -8.63765 ], [ -46.915647, -8.634108 ], [ -46.917095, -8.632911 ], [ -46.912839, -8.628712 ], [ -46.911894, -8.626817 ], [ -46.913258, -8.625622 ], [ -46.91223, -8.623468 ], [ -46.912733, -8.620737 ], [ -46.911895, -8.619397 ], [ -46.910262, -8.619328 ], [ -46.909368, -8.620875 ], [ -46.907257, -8.619711 ], [ -46.907897, -8.614011 ], [ -46.906734, -8.614032 ], [ -46.906202, -8.615843 ], [ -46.905035, -8.616404 ], [ -46.903922, -8.614699 ], [ -46.904172, -8.613432 ], [ -46.901899, -8.613188 ], [ -46.90276, -8.609909 ], [ -46.905367, -8.608791 ], [ -46.904728, -8.608171 ], [ -46.902201, -8.608652 ], [ -46.898732, -8.608158 ], [ -46.897788, -8.605091 ], [ -46.898756, -8.604262 ], [ -46.903866, -8.604104 ], [ -46.90376, -8.603019 ], [ -46.901837, -8.602408 ], [ -46.899563, -8.602896 ], [ -46.898484, -8.602452 ], [ -46.897728, -8.601016 ], [ -46.900141, -8.599262 ], [ -46.900959, -8.597436 ], [ -46.903319, -8.597589 ], [ -46.903963, -8.595768 ], [ -46.906258, -8.595738 ], [ -46.90889, -8.598507 ], [ -46.909783, -8.598587 ], [ -46.910559, -8.59559 ], [ -46.911923, -8.595027 ], [ -46.912564, -8.595646 ], [ -46.916399, -8.595778 ], [ -46.91628, -8.594784 ], [ -46.915049, -8.594801 ], [ -46.912701, -8.591844 ], [ -46.913037, -8.58849 ], [ -46.914115, -8.588197 ], [ -46.914369, -8.587117 ], [ -46.913818, -8.586579 ], [ -46.912007, -8.588051 ], [ -46.910678, -8.590604 ], [ -46.909034, -8.590261 ], [ -46.908342, -8.591629 ], [ -46.906536, -8.592658 ], [ -46.903182, -8.593239 ], [ -46.903035, -8.59071 ], [ -46.901873, -8.590813 ], [ -46.900615, -8.592278 ], [ -46.899037, -8.590851 ], [ -46.899174, -8.588402 ], [ -46.902256, -8.586275 ], [ -46.900785, -8.584847 ], [ -46.900475, -8.583319 ], [ -46.897567, -8.583442 ], [ -46.896533, -8.579927 ], [ -46.898314, -8.577363 ], [ -46.897838, -8.576737 ], [ -46.894788, -8.57886 ], [ -46.893589, -8.578425 ], [ -46.893691, -8.571905 ], [ -46.893036, -8.570554 ], [ -46.890484, -8.570676 ], [ -46.891087, -8.574198 ], [ -46.889036, -8.576942 ], [ -46.887839, -8.576508 ], [ -46.886617, -8.574262 ], [ -46.887231, -8.57289 ], [ -46.885308, -8.571378 ], [ -46.883343, -8.566789 ], [ -46.882449, -8.567794 ], [ -46.88267, -8.570966 ], [ -46.880757, -8.570716 ], [ -46.880143, -8.572893 ], [ -46.878761, -8.572523 ], [ -46.878287, -8.570294 ], [ -46.877012, -8.570492 ], [ -46.876893, -8.568956 ], [ -46.878984, -8.567108 ], [ -46.878674, -8.565579 ], [ -46.877506, -8.565505 ], [ -46.874786, -8.567525 ], [ -46.874233, -8.566541 ], [ -46.876922, -8.563517 ], [ -46.872895, -8.562753 ], [ -46.872813, -8.561853 ], [ -46.874065, -8.561564 ], [ -46.874956, -8.56001 ], [ -46.876005, -8.556643 ], [ -46.875453, -8.555299 ], [ -46.870722, -8.556898 ], [ -46.869733, -8.556098 ], [ -46.868086, -8.556569 ], [ -46.864675, -8.558789 ], [ -46.862843, -8.559087 ], [ -46.862421, -8.55537 ], [ -46.860204, -8.552505 ], [ -46.858289, -8.551537 ], [ -46.860304, -8.54653 ], [ -46.86012, -8.545262 ], [ -46.85512, -8.545419 ], [ -46.853, -8.544626 ], [ -46.851701, -8.542746 ], [ -46.852561, -8.538567 ], [ -46.852088, -8.537035 ], [ -46.850541, -8.536332 ], [ -46.847807, -8.536723 ], [ -46.846341, -8.534938 ], [ -46.846031, -8.533579 ], [ -46.84789, -8.529132 ], [ -46.850836, -8.525821 ], [ -46.848838, -8.524761 ], [ -46.844371, -8.524813 ], [ -46.843352, -8.522854 ], [ -46.846696, -8.521346 ], [ -46.84667, -8.520253 ], [ -46.847725, -8.519245 ], [ -46.850453, -8.519207 ], [ -46.852162, -8.515911 ], [ -46.851154, -8.514683 ], [ -46.848502, -8.514075 ], [ -46.847478, -8.513087 ], [ -46.846927, -8.510926 ], [ -46.847727, -8.510281 ], [ -46.847884, -8.507273 ], [ -46.850837, -8.504798 ], [ -46.851003, -8.503715 ], [ -46.850093, -8.502547 ], [ -46.846806, -8.502222 ], [ -46.846342, -8.501417 ], [ -46.848213, -8.497879 ], [ -46.847172, -8.49345 ], [ -46.848319, -8.491885 ], [ -46.849339, -8.492049 ], [ -46.850757, -8.490763 ], [ -46.851039, -8.489672 ], [ -46.8489, -8.487976 ], [ -46.85225, -8.481048 ], [ -46.851087, -8.476157 ], [ -46.849147, -8.47465 ], [ -46.84344, -8.474558 ], [ -46.841121, -8.4735 ], [ -46.840199, -8.472154 ], [ -46.841674, -8.46869 ], [ -46.841814, -8.465889 ], [ -46.84054, -8.465625 ], [ -46.838038, -8.46884 ], [ -46.835133, -8.469058 ], [ -46.833205, -8.467918 ], [ -46.832331, -8.464955 ], [ -46.831454, -8.465946 ], [ -46.831035, -8.469608 ], [ -46.82845, -8.472882 ], [ -46.823483, -8.474496 ], [ -46.82191, -8.471736 ], [ -46.821615, -8.466825 ], [ -46.820787, -8.465477 ], [ -46.817034, -8.470331 ], [ -46.815533, -8.470356 ], [ -46.814034, -8.46826 ], [ -46.813311, -8.465502 ], [ -46.810678, -8.464991 ], [ -46.80992, -8.463731 ], [ -46.809894, -8.461203 ], [ -46.806872, -8.460606 ], [ -46.800509, -8.454093 ], [ -46.800538, -8.451553 ], [ -46.797798, -8.449064 ], [ -46.796563, -8.446631 ], [ -46.797622, -8.445347 ], [ -46.79937, -8.445404 ], [ -46.801976, -8.444005 ], [ -46.801416, -8.442838 ], [ -46.800029, -8.442309 ], [ -46.800092, -8.439958 ], [ -46.79548, -8.429969 ], [ -46.79961, -8.42272 ], [ -46.799613, -8.420656 ], [ -46.797769, -8.417658 ], [ -46.798723, -8.412765 ], [ -46.800005, -8.410315 ], [ -46.802341, -8.408835 ], [ -46.802614, -8.406086 ], [ -46.806753, -8.402378 ], [ -46.806835, -8.398971 ], [ -46.805728, -8.398091 ], [ -46.80456, -8.398374 ], [ -46.80378, -8.401106 ], [ -46.802624, -8.40194 ], [ -46.798896, -8.402175 ], [ -46.795002, -8.404858 ], [ -46.793451, -8.404346 ], [ -46.79195, -8.402015 ], [ -46.787017, -8.399099 ], [ -46.78573, -8.395368 ], [ -46.790068, -8.390978 ], [ -46.791928, -8.38805 ], [ -46.791727, -8.38615 ], [ -46.786652, -8.382237 ], [ -46.785137, -8.377318 ], [ -46.78653, -8.374444 ], [ -46.784226, -8.371944 ], [ -46.782434, -8.368084 ], [ -46.779705, -8.367485 ], [ -46.776891, -8.368432 ], [ -46.772924, -8.371571 ], [ -46.77114, -8.374409 ], [ -46.768495, -8.375717 ], [ -46.763772, -8.375918 ], [ -46.761215, -8.37844 ], [ -46.759475, -8.378293 ], [ -46.752672, -8.374138 ], [ -46.747, -8.374702 ], [ -46.744292, -8.376539 ], [ -46.738729, -8.377519 ], [ -46.736529, -8.37921 ], [ -46.735787, -8.382977 ], [ -46.734368, -8.385388 ], [ -46.732054, -8.386415 ], [ -46.728099, -8.386385 ], [ -46.726807, -8.384594 ], [ -46.727061, -8.381453 ], [ -46.72486, -8.375951 ], [ -46.723969, -8.37045 ], [ -46.719622, -8.365187 ], [ -46.712746, -8.361385 ], [ -46.713138, -8.358899 ], [ -46.711476, -8.354658 ], [ -46.702599, -8.348165 ], [ -46.690497, -8.345921 ], [ -46.687105, -8.344572 ], [ -46.685713, -8.342712 ], [ -46.683043, -8.341776 ], [ -46.682591, -8.340658 ], [ -46.681262, -8.339975 ], [ -46.681049, -8.337306 ], [ -46.680427, -8.336763 ], [ -46.673082, -8.334383 ], [ -46.669757, -8.335588 ], [ -46.666839, -8.333878 ], [ -46.665304, -8.335621 ], [ -46.662174, -8.335017 ], [ -46.660089, -8.332557 ], [ -46.657057, -8.331191 ], [ -46.655203, -8.32919 ], [ -46.651361, -8.327124 ], [ -46.649067, -8.326373 ], [ -46.648132, -8.326808 ], [ -46.646239, -8.325739 ], [ -46.644497, -8.32256 ], [ -46.637673, -8.321009 ], [ -46.633887, -8.318355 ], [ -46.628501, -8.319281 ], [ -46.626507, -8.321557 ], [ -46.618199, -8.325962 ], [ -46.61172, -8.327711 ], [ -46.60583, -8.327326 ], [ -46.601378, -8.326117 ], [ -46.60051, -8.325259 ], [ -46.593984, -8.3272 ], [ -46.590621, -8.327165 ], [ -46.587998, -8.326027 ], [ -46.585043, -8.325896 ], [ -46.579961, -8.322025 ], [ -46.577222, -8.321821 ], [ -46.571133, -8.323214 ], [ -46.568251, -8.322784 ], [ -46.565212, -8.321151 ], [ -46.559634, -8.322758 ], [ -46.55151, -8.318633 ], [ -46.546888, -8.31898 ], [ -46.543999, -8.317436 ], [ -46.543151, -8.315316 ], [ -46.541282, -8.313589 ], [ -46.540429, -8.310452 ], [ -46.532111, -8.298936 ], [ -46.524468, -8.295386 ], [ -46.519411, -8.291932 ], [ -46.516788, -8.288138 ], [ -46.510898, -8.274647 ], [ -46.507763, -8.269738 ], [ -46.506868, -8.265885 ], [ -46.507585, -8.255401 ], [ -46.507019, -8.248659 ], [ -46.507357, -8.246648 ], [ -46.507891, -8.245612 ], [ -46.508794, -8.245455 ], [ -46.508806, -8.243618 ], [ -46.509744, -8.242753 ], [ -46.509102, -8.235597 ], [ -46.507843, -8.232789 ], [ -46.505801, -8.231284 ], [ -46.505117, -8.228339 ], [ -46.504135, -8.227692 ], [ -46.50338, -8.220977 ], [ -46.502414, -8.220822 ], [ -46.502582, -8.219717 ], [ -46.50163, -8.219433 ], [ -46.501713, -8.218428 ], [ -46.5007, -8.217384 ], [ -46.492609, -8.211054 ], [ -46.491015, -8.208572 ], [ -46.489162, -8.207717 ], [ -46.488583, -8.20681 ], [ -46.488859, -8.203699 ], [ -46.48724, -8.200858 ], [ -46.488978, -8.196784 ], [ -46.493518, -8.19081 ], [ -46.499648, -8.186122 ], [ -46.502765, -8.184868 ], [ -46.504639, -8.185119 ], [ -46.505152, -8.183553 ], [ -46.509353, -8.182834 ], [ -46.510933, -8.181369 ], [ -46.51212, -8.177967 ], [ -46.513413, -8.176838 ], [ -46.515223, -8.172859 ], [ -46.515092, -8.170061 ], [ -46.513227, -8.165881 ], [ -46.513895, -8.164658 ], [ -46.506296, -8.155284 ], [ -46.507048, -8.150903 ], [ -46.506163, -8.145356 ], [ -46.504746, -8.145074 ], [ -46.503949, -8.143928 ], [ -46.504088, -8.14254 ], [ -46.502036, -8.138356 ], [ -46.502283, -8.137647 ], [ -46.501688, -8.137821 ], [ -46.501723, -8.136769 ], [ -46.500549, -8.13618 ], [ -46.501002, -8.133881 ], [ -46.500174, -8.13354 ], [ -46.5, -8.132524 ], [ -46.498129, -8.131741 ], [ -46.496964, -8.128429 ], [ -46.496057, -8.128461 ], [ -46.496451, -8.125991 ], [ -46.495192, -8.124245 ], [ -46.494532, -8.124337 ], [ -46.492987, -8.120246 ], [ -46.490818, -8.118107 ], [ -46.490668, -8.113974 ], [ -46.489647, -8.113193 ], [ -46.48846, -8.108871 ], [ -46.488665, -8.107263 ], [ -46.487938, -8.105493 ], [ -46.48665, -8.105325 ], [ -46.487306, -8.103287 ], [ -46.486707, -8.102236 ], [ -46.487889, -8.09982 ], [ -46.486451, -8.098129 ], [ -46.486145, -8.095616 ], [ -46.484438, -8.09383 ], [ -46.484857, -8.092948 ], [ -46.48275, -8.091647 ], [ -46.482561, -8.088767 ], [ -46.480226, -8.088082 ], [ -46.479539, -8.088696 ], [ -46.479302, -8.088056 ], [ -46.477718, -8.087956 ], [ -46.477366, -8.087016 ], [ -46.476006, -8.087605 ], [ -46.47192, -8.08601 ], [ -46.471089, -8.085292 ], [ -46.471308, -8.084644 ], [ -46.470708, -8.085088 ], [ -46.468512, -8.083691 ], [ -46.468078, -8.081694 ], [ -46.469902, -8.081167 ], [ -46.469735, -8.080247 ], [ -46.470554, -8.080512 ], [ -46.470245, -8.078167 ], [ -46.470999, -8.077854 ], [ -46.469565, -8.075697 ], [ -46.468574, -8.075979 ], [ -46.468952, -8.075315 ], [ -46.468342, -8.074639 ], [ -46.467906, -8.075072 ], [ -46.466615, -8.074156 ], [ -46.465593, -8.071929 ], [ -46.466662, -8.071278 ], [ -46.465731, -8.070629 ], [ -46.465783, -8.069082 ], [ -46.467134, -8.067468 ], [ -46.468094, -8.064466 ], [ -46.46917, -8.06423 ], [ -46.468996, -8.0628 ], [ -46.470879, -8.060936 ], [ -46.472359, -8.061462 ], [ -46.472922, -8.060892 ], [ -46.472586, -8.059978 ], [ -46.473503, -8.05957 ], [ -46.472873, -8.059135 ], [ -46.473126, -8.057404 ], [ -46.475288, -8.055455 ], [ -46.475038, -8.053509 ], [ -46.477699, -8.052285 ], [ -46.476618, -8.051194 ], [ -46.477459, -8.05016 ], [ -46.477081, -8.049346 ], [ -46.477873, -8.049285 ], [ -46.477352, -8.048393 ], [ -46.478652, -8.047242 ], [ -46.478442, -8.044828 ], [ -46.480032, -8.042155 ], [ -46.479203, -8.042121 ], [ -46.478621, -8.040145 ], [ -46.477992, -8.040084 ], [ -46.478759, -8.037467 ], [ -46.477877, -8.037423 ], [ -46.477635, -8.036061 ], [ -46.478391, -8.033507 ], [ -46.477854, -8.031105 ], [ -46.478766, -8.029675 ], [ -46.476679, -8.024181 ], [ -46.476829, -8.021971 ], [ -46.477609, -8.021542 ], [ -46.476166, -8.01796 ], [ -46.476371, -8.014716 ], [ -46.477751, -8.01129 ], [ -46.478463, -8.011296 ], [ -46.478355, -8.010453 ], [ -46.479955, -8.010377 ], [ -46.481549, -8.007438 ], [ -46.48292, -8.006767 ], [ -46.483941, -8.007323 ], [ -46.484742, -8.006299 ], [ -46.485707, -8.003324 ], [ -46.485503, -8.000241 ], [ -46.484737, -7.999151 ], [ -46.486122, -7.99588 ], [ -46.485583, -7.995576 ], [ -46.486695, -7.995132 ], [ -46.486482, -7.994462 ], [ -46.488602, -7.991411 ], [ -46.490517, -7.989969 ], [ -46.489228, -7.989323 ], [ -46.489221, -7.987505 ], [ -46.492151, -7.985369 ], [ -46.493342, -7.985442 ], [ -46.493547, -7.983852 ], [ -46.494316, -7.983964 ], [ -46.494504, -7.983007 ], [ -46.495504, -7.983233 ], [ -46.497104, -7.979725 ], [ -46.498332, -7.979663 ], [ -46.499544, -7.974988 ], [ -46.500315, -7.974843 ], [ -46.501097, -7.97329 ], [ -46.50309, -7.972307 ], [ -46.50386, -7.972725 ], [ -46.504142, -7.971231 ], [ -46.504566, -7.971689 ], [ -46.505754, -7.970862 ], [ -46.506236, -7.971645 ], [ -46.506771, -7.970705 ], [ -46.508268, -7.970738 ], [ -46.508111, -7.969724 ], [ -46.509259, -7.968609 ], [ -46.50914, -7.967576 ], [ -46.510266, -7.965831 ], [ -46.511896, -7.965174 ], [ -46.511854, -7.964274 ], [ -46.513294, -7.964116 ], [ -46.513751, -7.963062 ], [ -46.514079, -7.96373 ], [ -46.515748, -7.96315 ], [ -46.515972, -7.96158 ], [ -46.517949, -7.961305 ], [ -46.519436, -7.958428 ], [ -46.519496, -7.959251 ], [ -46.520915, -7.958767 ], [ -46.522244, -7.959834 ], [ -46.5227, -7.958608 ], [ -46.523969, -7.958928 ], [ -46.524578, -7.957625 ], [ -46.525595, -7.957487 ], [ -46.526742, -7.956066 ], [ -46.527875, -7.956196 ], [ -46.527916, -7.956885 ], [ -46.529529, -7.956879 ], [ -46.529276, -7.956095 ], [ -46.53054, -7.955229 ], [ -46.530092, -7.953451 ], [ -46.531184, -7.95272 ], [ -46.531263, -7.953466 ], [ -46.532647, -7.953939 ], [ -46.533813, -7.95248 ], [ -46.53558, -7.952684 ], [ -46.536594, -7.951819 ], [ -46.536944, -7.952832 ], [ -46.538649, -7.951926 ], [ -46.539246, -7.952537 ], [ -46.539012, -7.951523 ], [ -46.539917, -7.952056 ], [ -46.540873, -7.950999 ], [ -46.540932, -7.951554 ], [ -46.543405, -7.950492 ], [ -46.543938, -7.949323 ], [ -46.546997, -7.951053 ], [ -46.547841, -7.950859 ], [ -46.547959, -7.951452 ], [ -46.548302, -7.950819 ], [ -46.549704, -7.95112 ], [ -46.549643, -7.950182 ], [ -46.551081, -7.949545 ], [ -46.550464, -7.948916 ], [ -46.552394, -7.946631 ], [ -46.551949, -7.945695 ], [ -46.551432, -7.945907 ], [ -46.551772, -7.94449 ], [ -46.55576, -7.943192 ], [ -46.555816, -7.942541 ], [ -46.556815, -7.94271 ], [ -46.557961, -7.941194 ], [ -46.559822, -7.94088 ], [ -46.559511, -7.940001 ], [ -46.561402, -7.93741 ], [ -46.562633, -7.933042 ], [ -46.564256, -7.930662 ], [ -46.566214, -7.930578 ], [ -46.567015, -7.929178 ], [ -46.56962, -7.927561 ], [ -46.570567, -7.924131 ], [ -46.574661, -7.920441 ], [ -46.575244, -7.917223 ], [ -46.57758, -7.915836 ], [ -46.577287, -7.914402 ], [ -46.578356, -7.912752 ], [ -46.577697, -7.911166 ], [ -46.581012, -7.909565 ], [ -46.580969, -7.908283 ], [ -46.582696, -7.908295 ], [ -46.587541, -7.905176 ], [ -46.590465, -7.906696 ], [ -46.591652, -7.906003 ], [ -46.592584, -7.903607 ], [ -46.594191, -7.902242 ], [ -46.596516, -7.90296 ], [ -46.598608, -7.902703 ], [ -46.59925, -7.900079 ], [ -46.602216, -7.89756 ], [ -46.606815, -7.895552 ], [ -46.608208, -7.893288 ], [ -46.609166, -7.892959 ], [ -46.610111, -7.894104 ], [ -46.612011, -7.89402 ], [ -46.613499, -7.896579 ], [ -46.614634, -7.89713 ], [ -46.616525, -7.89607 ], [ -46.617779, -7.896352 ], [ -46.617859, -7.897213 ], [ -46.620698, -7.896628 ], [ -46.621163, -7.897927 ], [ -46.62291, -7.89792 ], [ -46.623508, -7.898586 ], [ -46.624705, -7.898101 ], [ -46.627561, -7.89958 ], [ -46.631076, -7.899464 ], [ -46.635038, -7.902192 ], [ -46.638247, -7.902983 ], [ -46.638442, -7.903748 ], [ -46.639303, -7.903113 ], [ -46.640284, -7.903492 ], [ -46.640115, -7.904545 ], [ -46.642085, -7.907733 ], [ -46.643484, -7.907116 ], [ -46.64443, -7.908318 ], [ -46.645676, -7.907987 ], [ -46.649408, -7.91002 ], [ -46.650787, -7.909307 ], [ -46.651754, -7.906222 ], [ -46.653099, -7.906503 ], [ -46.655954, -7.905286 ], [ -46.655817, -7.904655 ], [ -46.657617, -7.9035 ], [ -46.657172, -7.902506 ], [ -46.660085, -7.901327 ], [ -46.667428, -7.904035 ], [ -46.668219, -7.904931 ], [ -46.669516, -7.907644 ], [ -46.669, -7.908316 ], [ -46.669639, -7.90971 ], [ -46.66905, -7.91132 ], [ -46.667822, -7.911364 ], [ -46.668103, -7.91281 ], [ -46.669742, -7.912653 ], [ -46.675302, -7.914606 ], [ -46.680755, -7.914986 ], [ -46.68424, -7.912752 ], [ -46.685127, -7.91361 ], [ -46.688636, -7.914166 ], [ -46.690104, -7.915404 ], [ -46.691507, -7.915243 ], [ -46.694513, -7.916798 ], [ -46.699464, -7.915833 ], [ -46.699562, -7.913428 ], [ -46.700513, -7.914262 ], [ -46.701634, -7.912487 ], [ -46.703218, -7.912684 ], [ -46.707537, -7.909795 ], [ -46.709224, -7.911439 ], [ -46.70928, -7.913484 ], [ -46.709793, -7.912705 ], [ -46.711149, -7.912771 ], [ -46.712665, -7.913805 ], [ -46.715527, -7.912729 ], [ -46.716286, -7.913324 ], [ -46.715905, -7.914115 ], [ -46.716983, -7.913763 ], [ -46.717623, -7.914813 ], [ -46.719866, -7.914685 ], [ -46.721072, -7.916079 ], [ -46.721863, -7.915861 ], [ -46.721507, -7.916783 ], [ -46.722967, -7.921669 ], [ -46.724008, -7.92121 ], [ -46.725518, -7.923644 ], [ -46.728925, -7.923594 ], [ -46.73051, -7.920872 ], [ -46.73216, -7.919502 ], [ -46.732894, -7.920193 ], [ -46.733599, -7.919376 ], [ -46.735133, -7.921978 ], [ -46.734491, -7.923272 ], [ -46.734949, -7.923904 ], [ -46.736669, -7.924961 ], [ -46.739507, -7.92355 ], [ -46.742999, -7.923787 ], [ -46.746133, -7.927386 ], [ -46.746657, -7.926331 ], [ -46.747928, -7.926314 ], [ -46.74795, -7.925644 ], [ -46.751932, -7.925178 ], [ -46.754079, -7.922923 ], [ -46.755332, -7.923492 ], [ -46.756202, -7.922935 ], [ -46.757343, -7.924506 ], [ -46.757205, -7.925368 ], [ -46.759084, -7.926338 ], [ -46.759053, -7.927549 ], [ -46.76005, -7.927676 ], [ -46.75904, -7.930889 ], [ -46.760462, -7.932196 ], [ -46.7612, -7.936427 ], [ -46.762325, -7.937893 ], [ -46.764085, -7.939321 ], [ -46.765469, -7.938236 ], [ -46.766447, -7.939613 ], [ -46.767479, -7.936083 ], [ -46.770609, -7.93729 ], [ -46.771134, -7.940003 ], [ -46.772169, -7.941499 ], [ -46.77324, -7.941558 ], [ -46.773476, -7.943387 ], [ -46.774924, -7.943231 ], [ -46.775008, -7.944059 ], [ -46.777828, -7.945399 ], [ -46.780976, -7.944849 ], [ -46.781688, -7.946267 ], [ -46.780752, -7.947391 ], [ -46.783412, -7.949829 ], [ -46.782767, -7.95164 ], [ -46.786175, -7.952884 ], [ -46.788173, -7.94778 ], [ -46.789326, -7.946928 ], [ -46.790951, -7.948739 ], [ -46.792557, -7.953909 ], [ -46.796776, -7.954977 ], [ -46.801416, -7.954985 ], [ -46.801506, -7.953564 ], [ -46.79967, -7.951854 ], [ -46.800303, -7.950641 ], [ -46.802355, -7.950039 ], [ -46.805865, -7.950598 ], [ -46.809338, -7.952477 ], [ -46.813901, -7.951151 ], [ -46.816598, -7.954312 ], [ -46.824779, -7.958716 ], [ -46.826216, -7.959958 ], [ -46.826912, -7.962203 ], [ -46.829068, -7.962404 ], [ -46.830271, -7.964222 ], [ -46.832155, -7.963668 ], [ -46.833517, -7.961356 ], [ -46.837808, -7.95939 ], [ -46.840361, -7.962522 ], [ -46.839081, -7.964958 ], [ -46.840438, -7.96589 ], [ -46.842802, -7.965468 ], [ -46.844636, -7.964417 ], [ -46.84513, -7.961247 ], [ -46.846819, -7.960106 ], [ -46.847179, -7.959047 ], [ -46.851613, -7.957812 ], [ -46.853892, -7.959869 ], [ -46.858243, -7.959457 ], [ -46.8598, -7.960077 ], [ -46.864827, -7.964786 ], [ -46.865458, -7.968301 ], [ -46.866702, -7.969506 ], [ -46.868459, -7.964297 ], [ -46.869246, -7.963366 ], [ -46.870782, -7.963421 ], [ -46.871596, -7.961996 ], [ -46.869682, -7.955781 ], [ -46.87051, -7.955184 ], [ -46.872833, -7.955269 ], [ -46.873712, -7.957691 ], [ -46.874999, -7.958975 ], [ -46.883257, -7.964248 ], [ -46.884534, -7.969539 ], [ -46.883831, -7.973144 ], [ -46.888401, -7.974544 ], [ -46.890454, -7.979444 ], [ -46.893359, -7.981971 ], [ -46.896042, -7.986063 ], [ -46.898552, -7.987171 ], [ -46.904872, -7.987099 ], [ -46.906206, -7.986031 ], [ -46.90614, -7.984152 ], [ -46.907306, -7.984102 ], [ -46.909142, -7.98263 ], [ -46.909218, -7.980419 ], [ -46.911452, -7.980911 ], [ -46.913278, -7.980487 ], [ -46.917041, -7.981488 ], [ -46.921939, -7.985283 ], [ -46.920763, -7.995536 ], [ -46.922735, -7.995484 ], [ -46.923282, -7.992324 ], [ -46.924994, -7.992015 ], [ -46.925922, -7.993316 ], [ -46.929378, -7.99363 ], [ -46.934863, -7.996446 ], [ -46.941637, -7.997907 ], [ -46.943677, -8.000597 ], [ -46.945701, -8.005444 ], [ -46.947697, -8.007376 ], [ -46.950831, -8.0084 ], [ -46.95369, -8.006052 ], [ -46.953237, -8.010637 ], [ -46.955279, -8.015157 ], [ -46.956913, -8.016575 ], [ -46.954902, -8.020551 ], [ -46.953737, -8.025957 ], [ -46.957014, -8.027812 ], [ -46.960771, -8.028526 ], [ -46.966189, -8.033413 ], [ -46.966718, -8.03503 ], [ -46.963856, -8.038151 ], [ -46.96351, -8.040215 ], [ -46.9649, -8.040729 ], [ -46.96731, -8.039881 ], [ -46.969634, -8.041176 ], [ -46.970654, -8.043582 ], [ -46.975393, -8.045001 ], [ -46.977158, -8.046314 ], [ -46.978831, -8.044961 ], [ -46.98039, -8.044816 ], [ -46.981906, -8.046824 ], [ -46.981203, -8.049093 ], [ -46.982247, -8.050434 ], [ -46.985786, -8.050261 ], [ -46.987405, -8.047646 ], [ -46.989379, -8.047613 ], [ -46.990139, -8.048368 ], [ -46.989727, -8.050134 ], [ -46.993967, -8.053451 ], [ -46.994856, -8.056 ], [ -46.993841, -8.057069 ], [ -46.994043, -8.057869 ], [ -46.996717, -8.059907 ], [ -46.995242, -8.062629 ], [ -46.997434, -8.066583 ], [ -47.000385, -8.067359 ], [ -47.003152, -8.063882 ], [ -47.000328, -8.059609 ], [ -47.002695, -8.057725 ], [ -47.003525, -8.057623 ], [ -47.003995, -8.059649 ], [ -47.006212, -8.061341 ], [ -47.009385, -8.062454 ], [ -47.011063, -8.060188 ], [ -47.0148, -8.058773 ], [ -47.015883, -8.056529 ], [ -47.017693, -8.057419 ], [ -47.017893, -8.059141 ], [ -47.020205, -8.060775 ], [ -47.022927, -8.059919 ], [ -47.023891, -8.056891 ], [ -47.025671, -8.055734 ], [ -47.03128, -8.056396 ], [ -47.034167, -8.053932 ], [ -47.038682, -8.054579 ], [ -47.045586, -8.053091 ], [ -47.045046, -8.048903 ], [ -47.045551, -8.04626 ], [ -47.047486, -8.045466 ], [ -47.051386, -8.045963 ], [ -47.051815, -8.043511 ], [ -47.054152, -8.04239 ], [ -47.054088, -8.041166 ], [ -47.052173, -8.038248 ], [ -47.051484, -8.034941 ], [ -47.053051, -8.03346 ], [ -47.056123, -8.033502 ], [ -47.057877, -8.031178 ], [ -47.058365, -8.028975 ], [ -47.059857, -8.027877 ], [ -47.060704, -8.0246 ], [ -47.059468, -8.019306 ], [ -47.061133, -8.018169 ], [ -47.061565, -8.016273 ], [ -47.060543, -8.011685 ], [ -47.062258, -8.00917 ], [ -47.062447, -8.004596 ], [ -47.065105, -8.00265 ], [ -47.067536, -7.998052 ], [ -47.070505, -7.998175 ], [ -47.070698, -8.000326 ], [ -47.071681, -8.001067 ], [ -47.075074, -8.00017 ], [ -47.075614, -7.998456 ], [ -47.073623, -7.997163 ], [ -47.073768, -7.995366 ], [ -47.077085, -7.995282 ], [ -47.078116, -7.992447 ], [ -47.07962, -7.990823 ], [ -47.084704, -7.987703 ], [ -47.086736, -7.988486 ], [ -47.088087, -7.99036 ], [ -47.090124, -7.989339 ], [ -47.091814, -7.990295 ], [ -47.107472, -7.990324 ], [ -47.105725, -7.987177 ], [ -47.101852, -7.986264 ], [ -47.099753, -7.984684 ], [ -47.098856, -7.979843 ], [ -47.098914, -7.978972 ], [ -47.103699, -7.97531 ], [ -47.107786, -7.969412 ], [ -47.107328, -7.968358 ], [ -47.105021, -7.968478 ], [ -47.103267, -7.967057 ], [ -47.103273, -7.962051 ], [ -47.10601, -7.960653 ], [ -47.10306, -7.958632 ], [ -47.103637, -7.954043 ], [ -47.1043, -7.952593 ], [ -47.106216, -7.952164 ], [ -47.108097, -7.954082 ], [ -47.110644, -7.955064 ], [ -47.113751, -7.958811 ], [ -47.114621, -7.958075 ], [ -47.114642, -7.95621 ], [ -47.116769, -7.95438 ], [ -47.117522, -7.952231 ], [ -47.114408, -7.943945 ], [ -47.10829, -7.936887 ], [ -47.111048, -7.936438 ], [ -47.113855, -7.939424 ], [ -47.117673, -7.939078 ], [ -47.118397, -7.93738 ], [ -47.120152, -7.935863 ], [ -47.122089, -7.930505 ], [ -47.122588, -7.927393 ], [ -47.122156, -7.92183 ], [ -47.124447, -7.922067 ], [ -47.127163, -7.924435 ], [ -47.128909, -7.922646 ], [ -47.133122, -7.921749 ], [ -47.134947, -7.923893 ], [ -47.139013, -7.92535 ], [ -47.142997, -7.92477 ], [ -47.143408, -7.92349 ], [ -47.141734, -7.922581 ], [ -47.141544, -7.919324 ], [ -47.145991, -7.913575 ], [ -47.146758, -7.908951 ], [ -47.144016, -7.904717 ], [ -47.143204, -7.895179 ], [ -47.144757, -7.894898 ], [ -47.147084, -7.896866 ], [ -47.148403, -7.895798 ], [ -47.150925, -7.896416 ], [ -47.153067, -7.896046 ], [ -47.155461, -7.894082 ], [ -47.157028, -7.893773 ], [ -47.15783, -7.893051 ], [ -47.157275, -7.891519 ], [ -47.157669, -7.889752 ], [ -47.160371, -7.889149 ], [ -47.162706, -7.886927 ], [ -47.165199, -7.879352 ], [ -47.171247, -7.877154 ], [ -47.172821, -7.874359 ], [ -47.176548, -7.871627 ], [ -47.176045, -7.868868 ], [ -47.17728, -7.86559 ], [ -47.178323, -7.864178 ], [ -47.180649, -7.863255 ], [ -47.181339, -7.861672 ], [ -47.180074, -7.859168 ], [ -47.175218, -7.857901 ], [ -47.175726, -7.855997 ], [ -47.178907, -7.854862 ], [ -47.180815, -7.855053 ], [ -47.182993, -7.858801 ], [ -47.187713, -7.858662 ], [ -47.188084, -7.858143 ], [ -47.18668, -7.856586 ], [ -47.186733, -7.855761 ], [ -47.189748, -7.850307 ], [ -47.18732, -7.844142 ], [ -47.189224, -7.842266 ], [ -47.190159, -7.842118 ], [ -47.194201, -7.847241 ], [ -47.198644, -7.849385 ], [ -47.201766, -7.8451 ], [ -47.201401, -7.844219 ], [ -47.199508, -7.844014 ], [ -47.199057, -7.843162 ], [ -47.201464, -7.839942 ], [ -47.203399, -7.839617 ], [ -47.205003, -7.838102 ], [ -47.208069, -7.839664 ], [ -47.20967, -7.839074 ], [ -47.208236, -7.837238 ], [ -47.207376, -7.833777 ], [ -47.210028, -7.833275 ], [ -47.212359, -7.833775 ], [ -47.213646, -7.833151 ], [ -47.21394, -7.83561 ], [ -47.215, -7.8361 ], [ -47.218498, -7.833556 ], [ -47.219187, -7.830553 ], [ -47.222034, -7.831536 ], [ -47.222338, -7.830501 ], [ -47.221085, -7.830342 ], [ -47.221172, -7.829015 ], [ -47.22268, -7.828547 ], [ -47.224323, -7.826315 ], [ -47.228664, -7.826729 ], [ -47.235475, -7.823752 ], [ -47.235344, -7.822117 ], [ -47.234168, -7.820418 ], [ -47.229802, -7.818917 ], [ -47.230651, -7.816244 ], [ -47.231551, -7.816332 ], [ -47.233594, -7.818976 ], [ -47.235303, -7.819699 ], [ -47.236208, -7.819493 ], [ -47.235801, -7.817379 ], [ -47.23712, -7.816489 ], [ -47.23881, -7.816445 ], [ -47.240307, -7.813804 ], [ -47.244805, -7.816685 ], [ -47.245506, -7.815957 ], [ -47.246131, -7.813163 ], [ -47.247576, -7.811634 ], [ -47.247216, -7.808874 ], [ -47.244297, -7.809162 ], [ -47.241768, -7.807095 ], [ -47.236363, -7.805287 ], [ -47.235753, -7.8043 ], [ -47.237168, -7.802491 ], [ -47.242654, -7.803187 ], [ -47.248128, -7.800403 ], [ -47.247662, -7.799422 ], [ -47.244369, -7.798349 ], [ -47.240779, -7.794343 ], [ -47.242702, -7.790595 ], [ -47.246549, -7.789075 ], [ -47.248083, -7.786643 ], [ -47.248319, -7.784926 ], [ -47.246081, -7.78351 ], [ -47.245796, -7.781338 ], [ -47.250705, -7.775555 ], [ -47.252249, -7.770465 ], [ -47.255048, -7.767414 ], [ -47.255628, -7.763657 ], [ -47.255096, -7.762049 ], [ -47.251109, -7.763278 ], [ -47.249685, -7.760167 ], [ -47.247019, -7.759296 ], [ -47.246593, -7.758174 ], [ -47.24877, -7.757278 ], [ -47.250821, -7.758295 ], [ -47.256194, -7.759203 ], [ -47.257794, -7.75853 ], [ -47.259107, -7.755204 ], [ -47.260306, -7.754882 ], [ -47.262078, -7.755765 ], [ -47.265804, -7.760359 ], [ -47.267181, -7.760669 ], [ -47.268254, -7.75887 ], [ -47.267893, -7.755695 ], [ -47.263204, -7.752002 ], [ -47.261035, -7.747271 ], [ -47.260691, -7.742906 ], [ -47.261996, -7.741075 ], [ -47.264783, -7.739923 ], [ -47.268273, -7.741225 ], [ -47.269614, -7.744471 ], [ -47.273994, -7.74571 ], [ -47.274379, -7.742436 ], [ -47.27269, -7.738753 ], [ -47.272113, -7.734872 ], [ -47.275024, -7.730399 ], [ -47.27893, -7.732597 ], [ -47.281514, -7.7353 ], [ -47.284882, -7.733828 ], [ -47.288944, -7.72954 ], [ -47.293807, -7.727849 ], [ -47.29707, -7.728253 ], [ -47.296898, -7.731984 ], [ -47.29773, -7.733224 ], [ -47.305813, -7.734806 ], [ -47.309604, -7.731846 ], [ -47.31395, -7.730818 ], [ -47.316282, -7.725389 ], [ -47.315662, -7.721626 ], [ -47.316167, -7.71751 ], [ -47.307042, -7.714761 ], [ -47.306268, -7.713438 ], [ -47.308276, -7.710222 ], [ -47.316723, -7.705047 ], [ -47.317272, -7.702354 ], [ -47.316387, -7.700601 ], [ -47.311281, -7.698357 ], [ -47.310313, -7.699007 ], [ -47.310119, -7.700862 ], [ -47.308904, -7.702196 ], [ -47.306283, -7.703035 ], [ -47.303357, -7.702656 ], [ -47.302608, -7.701644 ], [ -47.30299, -7.690246 ], [ -47.303846, -7.688986 ], [ -47.305736, -7.688283 ], [ -47.313598, -7.688073 ], [ -47.31793, -7.688922 ], [ -47.325704, -7.685819 ], [ -47.330104, -7.686011 ], [ -47.331671, -7.68544 ], [ -47.334681, -7.679182 ], [ -47.331864, -7.674737 ], [ -47.332057, -7.67274 ], [ -47.338749, -7.666904 ], [ -47.338743, -7.665816 ], [ -47.336852, -7.664021 ], [ -47.329881, -7.6626 ], [ -47.326596, -7.662426 ], [ -47.32271, -7.664265 ], [ -47.320301, -7.664254 ], [ -47.31535, -7.661889 ], [ -47.314933, -7.660038 ], [ -47.320207, -7.657917 ], [ -47.323001, -7.655917 ], [ -47.328316, -7.648092 ], [ -47.333977, -7.642215 ], [ -47.336988, -7.63622 ], [ -47.347432, -7.632803 ], [ -47.349546, -7.631369 ], [ -47.351579, -7.628357 ], [ -47.351997, -7.622168 ], [ -47.356962, -7.61651 ], [ -47.358125, -7.616024 ], [ -47.367332, -7.618042 ], [ -47.373829, -7.621735 ], [ -47.374138, -7.624023 ], [ -47.3715, -7.630147 ], [ -47.366237, -7.635475 ], [ -47.361431, -7.636706 ], [ -47.352561, -7.641786 ], [ -47.352114, -7.64418 ], [ -47.353785, -7.648131 ], [ -47.357714, -7.651228 ], [ -47.366002, -7.655411 ], [ -47.369666, -7.655716 ], [ -47.375549, -7.654673 ], [ -47.380843, -7.655103 ], [ -47.382279, -7.654598 ], [ -47.38697, -7.646442 ], [ -47.387048, -7.639726 ], [ -47.388407, -7.632468 ], [ -47.387202, -7.626047 ], [ -47.383904, -7.621926 ], [ -47.383297, -7.619748 ], [ -47.384067, -7.613239 ], [ -47.383018, -7.600389 ], [ -47.384797, -7.597878 ], [ -47.388807, -7.595011 ], [ -47.405157, -7.587196 ], [ -47.404637, -7.584234 ], [ -47.398959, -7.575896 ], [ -47.399089, -7.569128 ], [ -47.408687, -7.562714 ], [ -47.420312, -7.563152 ], [ -47.425686, -7.561257 ], [ -47.434268, -7.559595 ], [ -47.438929, -7.557512 ], [ -47.439975, -7.556 ], [ -47.439826, -7.55502 ], [ -47.437077, -7.55207 ], [ -47.430296, -7.547756 ], [ -47.426629, -7.5434 ], [ -47.424149, -7.536982 ], [ -47.424328, -7.530357 ], [ -47.425109, -7.528559 ], [ -47.42897, -7.524831 ], [ -47.439179, -7.520853 ], [ -47.453981, -7.519742 ], [ -47.461092, -7.518363 ], [ -47.463636, -7.519616 ], [ -47.466129, -7.528187 ], [ -47.469002, -7.531686 ], [ -47.472319, -7.533771 ], [ -47.475123, -7.533899 ], [ -47.480253, -7.526002 ], [ -47.479279, -7.510489 ], [ -47.479778, -7.493996 ], [ -47.480507, -7.491505 ], [ -47.4837, -7.488402 ], [ -47.496358, -7.481396 ], [ -47.497282, -7.479478 ], [ -47.498962, -7.471673 ], [ -47.499113, -7.453424 ], [ -47.500411, -7.442671 ], [ -47.501525, -7.439795 ], [ -47.519813, -7.433991 ], [ -47.528492, -7.43354 ], [ -47.53804, -7.437693 ], [ -47.551705, -7.441192 ], [ -47.55434, -7.442841 ], [ -47.560841, -7.449832 ], [ -47.562834, -7.450633 ], [ -47.564653, -7.450456 ], [ -47.571327, -7.44741 ], [ -47.584672, -7.445324 ], [ -47.59157, -7.440068 ], [ -47.584497, -7.424411 ], [ -47.580344, -7.419203 ], [ -47.562929, -7.406211 ], [ -47.553728, -7.402419 ], [ -47.545216, -7.401664 ], [ -47.54013, -7.400374 ], [ -47.528078, -7.393785 ], [ -47.518208, -7.390226 ], [ -47.512174, -7.38718 ], [ -47.492996, -7.375875 ], [ -47.483496, -7.365121 ], [ -47.478832, -7.345934 ], [ -47.478202, -7.336754 ], [ -47.480458, -7.331495 ], [ -47.482918, -7.322347 ], [ -47.488322, -7.31182 ], [ -47.499786, -7.293858 ], [ -47.511498, -7.284575 ], [ -47.524341, -7.277595 ], [ -47.52582, -7.273581 ], [ -47.531821, -7.269298 ], [ -47.540177, -7.265793 ], [ -47.557041, -7.265566 ], [ -47.565444, -7.266492 ], [ -47.568842, -7.26615 ], [ -47.572703, -7.264723 ], [ -47.591903, -7.263995 ], [ -47.600123, -7.266734 ], [ -47.607373, -7.272122 ], [ -47.613425, -7.280332 ], [ -47.616813, -7.287237 ], [ -47.62299, -7.296442 ], [ -47.627011, -7.300824 ], [ -47.634125, -7.304811 ], [ -47.639159, -7.305436 ], [ -47.644987, -7.30517 ], [ -47.647712, -7.304123 ], [ -47.650656, -7.302258 ], [ -47.65393, -7.298203 ], [ -47.659736, -7.288952 ], [ -47.667234, -7.274143 ], [ -47.671801, -7.267319 ], [ -47.67453, -7.259829 ], [ -47.679205, -7.251109 ], [ -47.683572, -7.245867 ], [ -47.691009, -7.238298 ], [ -47.707952, -7.228652 ], [ -47.713289, -7.226559 ], [ -47.726265, -7.223332 ], [ -47.732094, -7.219498 ], [ -47.73507, -7.2189 ], [ -47.737458, -7.216866 ], [ -47.743652, -7.208329 ], [ -47.749826, -7.195262 ], [ -47.750406, -7.183464 ], [ -47.749413, -7.172694 ], [ -47.747925, -7.167792 ], [ -47.745129, -7.162505 ], [ -47.738454, -7.156022 ], [ -47.727238, -7.147285 ], [ -47.710655, -7.137653 ], [ -47.704734, -7.135859 ], [ -47.699292, -7.135867 ], [ -47.694063, -7.136964 ], [ -47.675186, -7.147712 ], [ -47.660375, -7.151368 ], [ -47.653342, -7.149777 ], [ -47.644456, -7.143612 ], [ -47.639678, -7.136286 ], [ -47.633401, -7.13007 ], [ -47.627453, -7.121581 ], [ -47.624189, -7.112713 ], [ -47.623846, -7.108068 ], [ -47.618429, -7.09116 ], [ -47.606064, -7.07872 ], [ -47.597233, -7.063401 ], [ -47.574782, -7.050338 ], [ -47.55785, -7.031241 ], [ -47.548293, -7.018894 ], [ -47.544937, -7.012773 ], [ -47.539955, -7.002065 ], [ -47.535507, -6.987481 ], [ -47.529952, -6.980105 ], [ -47.528316, -6.973404 ], [ -47.530399, -6.95245 ], [ -47.529571, -6.946013 ], [ -47.52607, -6.936134 ], [ -47.522512, -6.929534 ], [ -47.515399, -6.920396 ], [ -47.507625, -6.90719 ], [ -47.505203, -6.893686 ], [ -47.504983, -6.884805 ], [ -47.507039, -6.87201 ], [ -47.511177, -6.862287 ], [ -47.513592, -6.858376 ], [ -47.519258, -6.845024 ], [ -47.520492, -6.840471 ], [ -47.525694, -6.839329 ], [ -47.529146, -6.836295 ], [ -47.529646, -6.831389 ], [ -47.522419, -6.809432 ], [ -47.520646, -6.800495 ], [ -47.516702, -6.79026 ], [ -47.513603, -6.785018 ], [ -47.506284, -6.775968 ], [ -47.498261, -6.763993 ], [ -47.494119, -6.754833 ], [ -47.493655, -6.75127 ], [ -47.494408, -6.742998 ], [ -47.497235, -6.7262 ], [ -47.497009, -6.701224 ], [ -47.496217, -6.69716 ], [ -47.493288, -6.689743 ], [ -47.496074, -6.677776 ], [ -47.498644, -6.671232 ], [ -47.495792, -6.663923 ], [ -47.484138, -6.647207 ], [ -47.474372, -6.627806 ], [ -47.46879, -6.621246 ], [ -47.463232, -6.607076 ], [ -47.462534, -6.601747 ], [ -47.46513, -6.577286 ], [ -47.461037, -6.562109 ], [ -47.458967, -6.556858 ], [ -47.458749, -6.5466 ], [ -47.456498, -6.538274 ], [ -47.446033, -6.523208 ], [ -47.434205, -6.50438 ], [ -47.430332, -6.502028 ], [ -47.427943, -6.498825 ], [ -47.425248, -6.497362 ], [ -47.419414, -6.491965 ], [ -47.416653, -6.485678 ], [ -47.416342, -6.483877 ], [ -47.418147, -6.475683 ], [ -47.4212, -6.465103 ], [ -47.433259, -6.440153 ], [ -47.434293, -6.435809 ], [ -47.434206, -6.431189 ], [ -47.419938, -6.401622 ], [ -47.414428, -6.380907 ], [ -47.409955, -6.369655 ], [ -47.409722, -6.366352 ], [ -47.411983, -6.346203 ], [ -47.410842, -6.334777 ], [ -47.408625, -6.328067 ], [ -47.396238, -6.307803 ], [ -47.378644, -6.272758 ], [ -47.377236, -6.266768 ], [ -47.377912, -6.260576 ], [ -47.383349, -6.240978 ], [ -47.385368, -6.230391 ], [ -47.396681, -6.21695 ], [ -47.401478, -6.209248 ], [ -47.410209, -6.190019 ], [ -47.416597, -6.177823 ], [ -47.423204, -6.160186 ], [ -47.430234, -6.130969 ], [ -47.433107, -6.112133 ], [ -47.434478, -6.093115 ], [ -47.433369, -6.081151 ], [ -47.429983, -6.067101 ], [ -47.430008, -6.062607 ], [ -47.428022, -6.047177 ], [ -47.428042, -6.039224 ], [ -47.430451, -6.029867 ], [ -47.432515, -6.024948 ], [ -47.438192, -6.013632 ], [ -47.445622, -6.001572 ], [ -47.447812, -5.996073 ], [ -47.447984, -5.992984 ], [ -47.446368, -5.984544 ], [ -47.444015, -5.979648 ], [ -47.442564, -5.973475 ], [ -47.440098, -5.968506 ], [ -47.434597, -5.9516 ], [ -47.430506, -5.937798 ], [ -47.429508, -5.932096 ], [ -47.42887, -5.919483 ], [ -47.43287, -5.893895 ], [ -47.431065, -5.881367 ], [ -47.431063, -5.869211 ], [ -47.431673, -5.866036 ], [ -47.434359, -5.861463 ], [ -47.437857, -5.857869 ], [ -47.439517, -5.844807 ], [ -47.442279, -5.830786 ], [ -47.446928, -5.81974 ], [ -47.452651, -5.812594 ], [ -47.456735, -5.800348 ], [ -47.46445, -5.784305 ], [ -47.466509, -5.7783 ], [ -47.471608, -5.770044 ], [ -47.482622, -5.759306 ], [ -47.493375, -5.730531 ], [ -47.49437, -5.71682 ], [ -47.493094, -5.710038 ], [ -47.484312, -5.684115 ], [ -47.473704, -5.66198 ], [ -47.47723, -5.63504 ], [ -47.479689, -5.621709 ], [ -47.48207, -5.612985 ], [ -47.484401, -5.595604 ], [ -47.484788, -5.57941 ], [ -47.483182, -5.570613 ], [ -47.483261, -5.564899 ], [ -47.485067, -5.557451 ], [ -47.488066, -5.549464 ], [ -47.500121, -5.525605 ], [ -47.516874, -5.51051 ], [ -47.523373, -5.501488 ], [ -47.524171, -5.49818 ], [ -47.528349, -5.492666 ], [ -47.53726, -5.484075 ], [ -47.548539, -5.470789 ], [ -47.555369, -5.465735 ], [ -47.560261, -5.463213 ], [ -47.56415, -5.463136 ], [ -47.567762, -5.464512 ], [ -47.573738, -5.468709 ], [ -47.576986, -5.469903 ], [ -47.580509, -5.470017 ], [ -47.601197, -5.465445 ], [ -47.605778, -5.465094 ], [ -47.61862, -5.459726 ], [ -47.642572, -5.44023 ], [ -47.647375, -5.437539 ], [ -47.660266, -5.427596 ], [ -47.666772, -5.421787 ], [ -47.674258, -5.417391 ], [ -47.682153, -5.41479 ], [ -47.691651, -5.410204 ], [ -47.695308, -5.407579 ], [ -47.721068, -5.394532 ], [ -47.732038, -5.386293 ], [ -47.740926, -5.381448 ], [ -47.744314, -5.380132 ], [ -47.757597, -5.378066 ], [ -47.768338, -5.378202 ], [ -47.772345, -5.378576 ], [ -47.78618, -5.383537 ], [ -47.792989, -5.384711 ], [ -47.806261, -5.385868 ], [ -47.823818, -5.385208 ], [ -47.827543, -5.386587 ], [ -47.83807, -5.378632 ], [ -47.843759, -5.376209 ], [ -47.86104, -5.354774 ], [ -47.867624, -5.342816 ], [ -47.867012, -5.335833 ], [ -47.868402, -5.32758 ], [ -47.865745, -5.317225 ], [ -47.867015, -5.301186 ], [ -47.870412, -5.280506 ], [ -47.872924, -5.272358 ], [ -47.87468, -5.270089 ], [ -47.885571, -5.2607 ], [ -47.904713, -5.251711 ], [ -47.91946, -5.246127 ], [ -47.925986, -5.24297 ], [ -47.928104, -5.241235 ], [ -47.935684, -5.239659 ], [ -47.942461, -5.239317 ], [ -47.958767, -5.239739 ], [ -47.983739, -5.235477 ], [ -48.001206, -5.234253 ], [ -48.004059, -5.23462 ], [ -48.008844, -5.236355 ], [ -48.012656, -5.236824 ], [ -48.018958, -5.239826 ], [ -48.030963, -5.249828 ], [ -48.040726, -5.260472 ], [ -48.04476, -5.263458 ], [ -48.048374, -5.264831 ], [ -48.049265, -5.266101 ], [ -48.052353, -5.267559 ], [ -48.073843, -5.272246 ], [ -48.077376, -5.273429 ], [ -48.079265, -5.275064 ], [ -48.082984, -5.272078 ], [ -48.112293, -5.265626 ], [ -48.152019, -5.264 ], [ -48.157265, -5.262552 ], [ -48.167982, -5.261424 ], [ -48.174227, -5.259976 ], [ -48.176797, -5.259715 ], [ -48.178544, -5.260776 ], [ -48.190295, -5.253398 ], [ -48.19843, -5.250612 ], [ -48.2065, -5.248984 ], [ -48.219429, -5.24114 ], [ -48.228394, -5.232557 ], [ -48.234928, -5.228307 ], [ -48.247957, -5.222984 ], [ -48.257284, -5.220909 ], [ -48.265796, -5.217495 ], [ -48.273018, -5.215965 ], [ -48.281897, -5.211457 ], [ -48.284519, -5.209193 ], [ -48.293403, -5.204048 ], [ -48.302266, -5.202615 ], [ -48.314015, -5.20309 ], [ -48.320904, -5.201388 ], [ -48.328688, -5.196594 ], [ -48.337208, -5.188726 ], [ -48.338462, -5.186729 ], [ -48.353154, -5.173893 ], [ -48.358782, -5.170085 ], [ -48.36391, -5.16838 ], [ -48.368156, -5.168572 ], [ -48.37152, -5.170661 ], [ -48.373843, -5.170501 ], [ -48.387554, -5.173672 ], [ -48.391844, -5.173514 ], [ -48.419597, -5.176747 ], [ -48.442377, -5.183318 ], [ -48.45676, -5.183705 ], [ -48.466155, -5.185446 ], [ -48.472599, -5.187092 ], [ -48.486322, -5.19382 ], [ -48.49971, -5.193758 ], [ -48.502376, -5.192169 ], [ -48.51169, -5.191653 ], [ -48.51946, -5.192135 ], [ -48.529768, -5.196617 ], [ -48.533013, -5.198718 ], [ -48.548824, -5.213555 ], [ -48.557737, -5.22393 ], [ -48.559349, -5.228653 ], [ -48.561073, -5.230199 ], [ -48.562549, -5.246626 ], [ -48.567572, -5.257892 ], [ -48.568551, -5.262795 ], [ -48.568243, -5.270323 ], [ -48.567155, -5.272687 ], [ -48.568573, -5.282933 ], [ -48.584133, -5.311296 ], [ -48.592047, -5.318946 ], [ -48.598546, -5.326942 ], [ -48.600964, -5.332123 ], [ -48.606132, -5.336501 ], [ -48.609907, -5.338145 ], [ -48.61235, -5.33843 ], [ -48.630102, -5.332958 ], [ -48.632387, -5.330697 ], [ -48.638659, -5.320009 ], [ -48.641572, -5.318846 ], [ -48.647662, -5.313694 ], [ -48.651463, -5.311438 ], [ -48.658355, -5.308195 ], [ -48.66208, -5.307208 ], [ -48.669044, -5.306146 ], [ -48.679438, -5.30582 ], [ -48.687766, -5.309111 ], [ -48.692264, -5.311663 ], [ -48.69921, -5.320123 ], [ -48.702351, -5.32875 ], [ -48.704467, -5.344728 ], [ -48.708799, -5.351005 ], [ -48.712127, -5.353014 ], [ -48.719459, -5.352495 ], [ -48.730435, -5.347994 ], [ -48.733718, -5.348185 ], [ -48.740924, -5.352818 ], [ -48.755151, -5.349165 ], [ -48.492224, -5.144096 ], [ -48.468543, -5.12515 ], [ -48.46402, -5.120703 ], [ -48.457353, -5.117691 ], [ -48.451936, -5.112245 ], [ -48.445514, -5.107887 ], [ -48.439299, -5.100622 ], [ -48.433152, -5.098065 ], [ -48.437039, -5.089639 ], [ -48.437597, -5.083569 ], [ -48.43679, -5.078672 ], [ -48.434624, -5.076673 ], [ -48.431553, -5.074495 ], [ -48.427299, -5.075297 ], [ -48.421683, -5.083268 ], [ -48.419046, -5.085711 ], [ -48.400378, -5.074156 ], [ -48.381727, -5.057573 ], [ -48.373739, -5.052351 ], [ -48.354048, -5.037079 ], [ -48.331491, -5.018722 ], [ -48.315594, -5.006992 ], [ -48.212378, -4.924933 ], [ -48.025377, -4.778296 ], [ -48.001433, -4.75886 ], [ -47.816153, -4.614728 ], [ -47.81001, -4.60696 ], [ -47.805128, -4.597369 ], [ -47.801986, -4.596884 ], [ -47.799199, -4.594945 ], [ -47.792569, -4.586411 ], [ -47.789921, -4.58551 ], [ -47.786291, -4.586065 ], [ -47.782733, -4.588839 ], [ -47.773428, -4.59154 ], [ -47.77087, -4.593314 ], [ -47.764872, -4.590878 ], [ -47.761067, -4.592186 ], [ -47.758206, -4.590516 ], [ -47.754041, -4.590824 ], [ -47.751847, -4.593336 ], [ -47.750791, -4.600491 ], [ -47.74798, -4.60154 ], [ -47.745366, -4.598973 ], [ -47.742256, -4.598619 ], [ -47.737597, -4.602589 ], [ -47.734512, -4.603912 ], [ -47.731536, -4.602062 ], [ -47.724813, -4.606418 ], [ -47.721871, -4.604755 ], [ -47.718067, -4.604792 ], [ -47.715288, -4.603042 ], [ -47.711763, -4.603271 ], [ -47.711925, -4.606266 ], [ -47.708953, -4.606142 ], [ -47.705899, -4.604928 ], [ -47.701565, -4.604782 ], [ -47.698401, -4.605833 ], [ -47.68212, -4.606381 ], [ -47.679957, -4.608617 ], [ -47.677631, -4.607785 ], [ -47.663024, -4.5972 ], [ -47.656018, -4.589903 ], [ -47.653996, -4.589181 ], [ -47.649499, -4.58211 ], [ -47.646038, -4.579225 ], [ -47.644801, -4.578934 ], [ -47.637676, -4.5714 ], [ -47.634791, -4.570485 ], [ -47.630781, -4.567704 ], [ -47.630582, -4.566917 ], [ -47.627877, -4.567045 ], [ -47.623834, -4.565722 ], [ -47.622472, -4.563384 ], [ -47.620038, -4.562565 ], [ -47.618855, -4.560797 ], [ -47.617562, -4.561157 ], [ -47.616618, -4.560058 ], [ -47.615166, -4.559984 ], [ -47.611942, -4.557358 ], [ -47.609319, -4.553331 ], [ -47.607969, -4.548728 ], [ -47.596187, -4.537898 ], [ -47.587978, -4.528457 ], [ -47.585374, -4.523938 ], [ -47.583567, -4.52296 ], [ -47.583169, -4.521386 ], [ -47.581478, -4.519935 ], [ -47.577549, -4.509763 ], [ -47.577641, -4.507783 ], [ -47.57504, -4.504253 ], [ -47.574688, -4.502125 ], [ -47.573057, -4.500893 ], [ -47.56869, -4.492247 ], [ -47.566771, -4.486056 ], [ -47.565709, -4.478535 ], [ -47.563724, -4.474557 ], [ -47.561868, -4.472411 ], [ -47.559696, -4.471428 ], [ -47.55812, -4.471533 ], [ -47.55569, -4.467482 ], [ -47.55416, -4.466943 ], [ -47.551267, -4.464057 ], [ -47.550331, -4.464061 ], [ -47.548547, -4.461294 ], [ -47.545436, -4.459474 ], [ -47.541651, -4.455106 ], [ -47.5376, -4.452595 ], [ -47.536113, -4.450125 ], [ -47.531588, -4.445463 ], [ -47.530444, -4.442448 ], [ -47.520323, -4.430082 ], [ -47.518144, -4.42702 ], [ -47.517294, -4.42336 ], [ -47.510293, -4.415191 ], [ -47.506479, -4.40961 ], [ -47.505856, -4.407459 ], [ -47.502788, -4.403707 ], [ -47.501449, -4.401087 ], [ -47.500348, -4.39619 ], [ -47.500755, -4.392649 ], [ -47.499766, -4.391762 ], [ -47.498917, -4.388151 ], [ -47.496447, -4.386426 ], [ -47.495503, -4.38435 ], [ -47.490339, -4.379838 ], [ -47.488159, -4.376726 ], [ -47.488627, -4.369052 ], [ -47.488103, -4.367167 ], [ -47.476315, -4.356439 ], [ -47.476846, -4.353319 ], [ -47.481961, -4.350134 ], [ -47.482694, -4.348151 ], [ -47.479042, -4.34653 ], [ -47.476437, -4.341018 ], [ -47.475934, -4.337951 ], [ -47.476361, -4.333147 ], [ -47.479541, -4.3285 ], [ -47.476621, -4.324098 ], [ -47.472426, -4.321804 ], [ -47.471747, -4.32072 ], [ -47.474403, -4.31708 ], [ -47.474734, -4.315043 ], [ -47.471893, -4.313696 ], [ -47.470329, -4.310715 ], [ -47.463671, -4.309412 ], [ -47.459341, -4.30773 ], [ -47.457983, -4.305766 ], [ -47.455821, -4.305501 ], [ -47.453546, -4.302014 ], [ -47.449079, -4.299178 ], [ -47.447922, -4.296602 ], [ -47.446636, -4.296063 ], [ -47.445473, -4.291452 ], [ -47.444693, -4.290199 ], [ -47.443205, -4.28966 ], [ -47.442049, -4.287425 ], [ -47.437179, -4.28518 ], [ -47.434708, -4.2857 ], [ -47.433238, -4.284283 ], [ -47.429258, -4.286841 ], [ -47.429548, -4.284292 ], [ -47.428056, -4.284147 ], [ -47.427751, -4.2822 ], [ -47.428941, -4.280848 ], [ -47.429671, -4.2762 ], [ -47.428775, -4.275603 ], [ -47.425047, -4.276065 ], [ -47.420358, -4.279451 ], [ -47.41752, -4.278411 ], [ -47.415427, -4.27707 ], [ -47.413474, -4.27273 ], [ -47.411378, -4.270488 ], [ -47.407349, -4.270051 ], [ -47.406302, -4.269306 ], [ -47.404815, -4.270509 ], [ -47.403617, -4.269014 ], [ -47.401077, -4.267824 ], [ -47.401146, -4.26595 ], [ -47.398754, -4.264459 ], [ -47.398448, -4.262062 ], [ -47.396804, -4.261168 ], [ -47.396951, -4.260269 ], [ -47.391872, -4.257887 ], [ -47.391717, -4.256239 ], [ -47.389772, -4.254296 ], [ -47.388639, -4.249879 ], [ -47.386397, -4.248538 ], [ -47.382071, -4.24885 ], [ -47.38147, -4.247204 ], [ -47.380276, -4.246908 ], [ -47.378927, -4.244964 ], [ -47.373259, -4.245281 ], [ -47.372666, -4.246183 ], [ -47.371768, -4.245586 ], [ -47.372513, -4.244984 ], [ -47.37236, -4.244085 ], [ -47.371239, -4.243114 ], [ -47.372129, -4.241464 ], [ -47.373916, -4.240559 ], [ -47.374496, -4.234862 ], [ -47.371802, -4.232323 ], [ -47.374336, -4.231416 ], [ -47.374779, -4.230066 ], [ -47.376271, -4.229911 ], [ -47.376782, -4.226389 ], [ -47.376326, -4.223542 ], [ -47.37841, -4.222188 ], [ -47.379002, -4.220537 ], [ -47.374368, -4.217555 ], [ -47.372729, -4.218159 ], [ -47.37169, -4.21966 ], [ -47.370346, -4.219215 ], [ -47.370192, -4.217717 ], [ -47.371154, -4.215541 ], [ -47.373541, -4.215383 ], [ -47.373539, -4.214784 ], [ -47.37204, -4.212391 ], [ -47.369951, -4.212098 ], [ -47.370096, -4.210749 ], [ -47.369052, -4.210901 ], [ -47.368154, -4.209855 ], [ -47.368151, -4.208807 ], [ -47.369639, -4.207453 ], [ -47.369188, -4.206555 ], [ -47.365457, -4.205818 ], [ -47.365223, -4.202446 ], [ -47.366263, -4.201244 ], [ -47.366551, -4.197497 ], [ -47.368188, -4.196443 ], [ -47.367883, -4.194196 ], [ -47.366834, -4.19255 ], [ -47.364296, -4.191959 ], [ -47.360867, -4.192419 ], [ -47.360267, -4.191372 ], [ -47.360926, -4.187548 ], [ -47.362859, -4.185294 ], [ -47.3645, -4.18514 ], [ -47.36554, -4.183938 ], [ -47.365829, -4.18064 ], [ -47.364931, -4.179893 ], [ -47.362247, -4.180051 ], [ -47.361497, -4.178854 ], [ -47.359259, -4.178862 ], [ -47.356867, -4.176771 ], [ -47.355826, -4.177823 ], [ -47.353138, -4.176782 ], [ -47.352917, -4.177906 ], [ -47.352021, -4.17761 ], [ -47.350085, -4.178664 ], [ -47.348897, -4.180466 ], [ -47.348755, -4.182715 ], [ -47.347411, -4.182419 ], [ -47.347266, -4.183768 ], [ -47.344873, -4.181677 ], [ -47.34382, -4.178683 ], [ -47.340235, -4.177046 ], [ -47.341632, -4.170072 ], [ -47.343865, -4.169017 ], [ -47.343264, -4.167221 ], [ -47.344604, -4.166617 ], [ -47.343559, -4.16617 ], [ -47.343405, -4.164822 ], [ -47.346378, -4.161067 ], [ -47.346822, -4.159867 ], [ -47.345849, -4.158746 ], [ -47.347187, -4.157243 ], [ -47.345238, -4.153952 ], [ -47.344043, -4.153206 ], [ -47.34389, -4.152007 ], [ -47.342546, -4.151412 ], [ -47.342687, -4.149014 ], [ -47.343283, -4.148563 ], [ -47.342536, -4.148115 ], [ -47.344319, -4.145712 ], [ -47.348342, -4.144202 ], [ -47.349752, -4.141874 ], [ -47.349446, -4.139178 ], [ -47.348098, -4.137383 ], [ -47.346008, -4.13679 ], [ -47.345855, -4.135442 ], [ -47.344361, -4.134548 ], [ -47.346289, -4.130945 ], [ -47.345837, -4.129448 ], [ -47.343447, -4.127657 ], [ -47.343292, -4.126159 ], [ -47.350204, -4.117821 ], [ -47.350644, -4.115271 ], [ -47.349743, -4.113476 ], [ -47.347951, -4.112582 ], [ -47.348238, -4.108685 ], [ -47.347045, -4.108688 ], [ -47.346145, -4.107192 ], [ -47.345617, -4.10502 ], [ -47.346502, -4.101721 ], [ -47.345602, -4.100075 ], [ -47.343057, -4.097085 ], [ -47.339025, -4.095149 ], [ -47.336937, -4.095155 ], [ -47.335439, -4.093062 ], [ -47.331407, -4.091425 ], [ -47.330726, -4.088055 ], [ -47.333841, -4.081752 ], [ -47.334133, -4.079802 ], [ -47.333226, -4.075609 ], [ -47.331269, -4.06947 ], [ -47.330522, -4.068873 ], [ -47.325824, -4.068962 ], [ -47.325225, -4.068364 ], [ -47.323711, -4.060576 ], [ -47.324454, -4.059674 ], [ -47.324448, -4.057276 ], [ -47.321162, -4.055638 ], [ -47.319424, -4.047774 ], [ -47.315699, -4.049133 ], [ -47.314355, -4.048688 ], [ -47.313317, -4.050939 ], [ -47.311826, -4.050943 ], [ -47.309149, -4.053649 ], [ -47.310796, -4.055742 ], [ -47.310351, -4.056643 ], [ -47.308268, -4.058447 ], [ -47.306331, -4.059202 ], [ -47.305062, -4.05883 ], [ -47.303407, -4.05374 ], [ -47.298481, -4.052106 ], [ -47.294754, -4.053166 ], [ -47.293111, -4.052271 ], [ -47.292354, -4.048376 ], [ -47.293906, -4.043201 ], [ -47.292859, -4.042305 ], [ -47.291219, -4.04216 ], [ -47.287796, -4.045017 ], [ -47.286754, -4.045619 ], [ -47.286156, -4.045172 ], [ -47.285384, -4.036182 ], [ -47.28307, -4.035214 ], [ -47.281424, -4.033421 ], [ -47.280081, -4.033125 ], [ -47.277101, -4.034032 ], [ -47.276503, -4.033584 ], [ -47.27724, -4.030585 ], [ -47.276344, -4.030137 ], [ -47.271283, -4.033898 ], [ -47.267405, -4.03346 ], [ -47.265829, -4.030092 ], [ -47.267309, -4.025892 ], [ -47.266709, -4.024694 ], [ -47.258939, -4.019621 ], [ -47.254613, -4.019483 ], [ -47.253717, -4.018885 ], [ -47.253264, -4.017088 ], [ -47.250504, -4.016721 ], [ -47.247959, -4.013131 ], [ -47.24587, -4.013137 ], [ -47.244674, -4.012241 ], [ -47.244363, -4.007596 ], [ -47.240541, -4.000364 ], [ -47.238929, -3.998631 ], [ -47.236438, -3.998031 ], [ -47.232298, -4.000972 ], [ -47.228153, -4.001894 ], [ -47.226388, -4.001191 ], [ -47.222656, -4.001302 ], [ -47.221513, -4.000396 ], [ -47.220516, -3.995952 ], [ -47.221226, -3.990089 ], [ -47.219976, -3.988172 ], [ -47.215309, -3.987781 ], [ -47.206498, -3.988815 ], [ -47.204474, -3.988315 ], [ -47.203433, -3.986803 ], [ -47.202381, -3.981045 ], [ -47.204132, -3.976493 ], [ -47.201739, -3.973569 ], [ -47.1978, -3.974084 ], [ -47.196511, -3.976614 ], [ -47.195895, -3.979041 ], [ -47.198587, -3.977619 ], [ -47.199736, -3.980749 ], [ -47.199844, -3.982164 ], [ -47.197255, -3.983484 ], [ -47.197363, -3.985404 ], [ -47.196432, -3.986012 ], [ -47.192744, -3.983698 ], [ -47.191291, -3.983197 ], [ -47.190256, -3.983705 ], [ -47.188593, -3.982295 ], [ -47.187549, -3.979569 ], [ -47.188684, -3.977645 ], [ -47.193448, -3.975309 ], [ -47.19396, -3.972478 ], [ -47.192809, -3.968843 ], [ -47.189953, -3.967132 ], [ -47.181554, -3.967053 ], [ -47.178427, -3.960897 ], [ -47.178526, -3.958877 ], [ -47.180281, -3.956143 ], [ -47.182303, -3.956441 ], [ -47.181379, -3.959677 ], [ -47.183551, -3.95765 ], [ -47.182598, -3.950074 ], [ -47.183732, -3.947645 ], [ -47.18098, -3.946238 ], [ -47.179626, -3.943513 ], [ -47.179621, -3.941795 ], [ -47.178791, -3.941594 ], [ -47.177759, -3.943417 ], [ -47.175067, -3.945041 ], [ -47.172476, -3.94525 ], [ -47.172162, -3.94424 ], [ -47.169882, -3.944448 ], [ -47.169256, -3.943439 ], [ -47.169089, -3.938589 ], [ -47.17364, -3.934333 ], [ -47.174358, -3.931501 ], [ -47.175806, -3.92988 ], [ -47.170829, -3.930096 ], [ -47.170101, -3.929187 ], [ -47.169891, -3.928279 ], [ -47.173459, -3.924429 ], [ -47.173146, -3.923823 ], [ -47.169414, -3.923833 ], [ -47.16941, -3.922621 ], [ -47.167853, -3.921918 ], [ -47.162772, -3.92183 ], [ -47.160688, -3.917793 ], [ -47.159493, -3.916886 ], [ -47.157106, -3.915882 ], [ -47.157008, -3.918308 ], [ -47.156283, -3.918411 ], [ -47.15327, -3.916094 ], [ -47.152955, -3.914882 ], [ -47.149742, -3.915295 ], [ -47.148496, -3.91449 ], [ -47.148008, -3.906204 ], [ -47.149757, -3.900944 ], [ -47.147056, -3.899031 ], [ -47.146951, -3.898223 ], [ -47.148609, -3.897814 ], [ -47.148711, -3.896905 ], [ -47.146946, -3.896202 ], [ -47.143531, -3.898737 ], [ -47.138919, -3.89986 ], [ -47.1383, -3.901277 ], [ -47.13893, -3.904307 ], [ -47.135192, -3.901992 ], [ -47.13384, -3.90048 ], [ -47.133939, -3.898863 ], [ -47.132438, -3.899573 ], [ -47.133571, -3.89664 ], [ -47.130978, -3.896343 ], [ -47.130976, -3.895636 ], [ -47.132838, -3.893812 ], [ -47.132522, -3.89169 ], [ -47.133866, -3.890273 ], [ -47.133548, -3.887343 ], [ -47.13479, -3.886329 ], [ -47.135516, -3.886529 ], [ -47.13572, -3.885518 ], [ -47.137017, -3.885616 ], [ -47.137015, -3.884908 ], [ -47.135042, -3.883802 ], [ -47.134829, -3.88168 ], [ -47.133067, -3.881786 ], [ -47.132541, -3.878654 ], [ -47.131296, -3.878758 ], [ -47.129436, -3.880885 ], [ -47.129635, -3.877449 ], [ -47.128751, -3.876643 ], [ -47.122016, -3.878378 ], [ -47.122021, -3.880297 ], [ -47.123991, -3.880495 ], [ -47.124616, -3.881403 ], [ -47.124411, -3.882313 ], [ -47.122131, -3.883026 ], [ -47.119433, -3.882123 ], [ -47.116364, -3.87819 ], [ -47.113771, -3.87769 ], [ -47.11232, -3.877897 ], [ -47.108285, -3.88114 ], [ -47.106625, -3.880943 ], [ -47.105999, -3.879327 ], [ -47.105882, -3.873971 ], [ -47.103702, -3.873067 ], [ -47.10333, -3.869632 ], [ -47.102086, -3.86923 ], [ -47.102906, -3.865691 ], [ -47.102694, -3.86367 ], [ -47.101034, -3.863473 ], [ -47.101859, -3.861348 ], [ -47.100198, -3.860747 ], [ -47.092111, -3.860767 ], [ -47.088743, -3.861583 ], [ -47.085205, -3.85664 ], [ -47.084154, -3.850478 ], [ -47.084354, -3.847748 ], [ -47.083938, -3.847143 ], [ -47.081088, -3.847454 ], [ -47.079425, -3.846144 ], [ -47.07942, -3.84392 ], [ -47.083974, -3.840574 ], [ -47.08397, -3.839058 ], [ -47.082101, -3.837648 ], [ -47.082098, -3.836333 ], [ -47.081165, -3.837043 ], [ -47.080232, -3.836742 ], [ -47.081525, -3.835426 ], [ -47.082345, -3.831381 ], [ -47.086795, -3.828137 ], [ -47.086274, -3.827127 ], [ -47.086683, -3.824903 ], [ -47.083571, -3.824405 ], [ -47.078964, -3.826942 ], [ -47.076883, -3.824017 ], [ -47.076882, -3.823208 ], [ -47.078853, -3.82381 ], [ -47.078017, -3.821083 ], [ -47.072617, -3.817862 ], [ -47.078254, -3.811684 ], [ -47.077003, -3.808958 ], [ -47.075551, -3.808962 ], [ -47.074408, -3.807853 ], [ -47.075747, -3.804009 ], [ -47.070044, -3.804124 ], [ -47.068073, -3.80332 ], [ -47.066456, -3.799281 ], [ -47.063241, -3.798885 ], [ -47.064583, -3.796355 ], [ -47.063438, -3.79464 ], [ -47.064162, -3.793829 ], [ -47.063536, -3.79191 ], [ -47.06405, -3.790596 ], [ -47.06176, -3.786356 ], [ -47.059215, -3.784442 ], [ -47.059315, -3.783027 ], [ -47.063871, -3.780085 ], [ -47.064694, -3.777759 ], [ -47.064381, -3.77685 ], [ -47.063032, -3.77645 ], [ -47.060857, -3.777465 ], [ -47.060023, -3.775345 ], [ -47.058675, -3.775347 ], [ -47.05831, -3.774237 ], [ -47.056132, -3.774444 ], [ -47.055716, -3.773536 ], [ -47.055921, -3.772626 ], [ -47.058201, -3.771912 ], [ -47.059646, -3.769282 ], [ -47.056329, -3.769694 ], [ -47.055291, -3.76909 ], [ -47.05529, -3.768281 ], [ -47.05757, -3.768074 ], [ -47.058395, -3.766353 ], [ -47.06207, -3.764324 ], [ -47.062067, -3.762909 ], [ -47.065068, -3.760577 ], [ -47.065273, -3.759364 ], [ -47.059977, -3.756042 ], [ -47.059661, -3.753515 ], [ -47.05722, -3.7515 ], [ -47.057112, -3.749681 ], [ -47.055556, -3.749381 ], [ -47.055139, -3.74817 ], [ -47.053583, -3.747769 ], [ -47.053372, -3.746557 ], [ -47.059274, -3.743308 ], [ -47.059373, -3.741186 ], [ -47.058231, -3.740583 ], [ -47.057457, -3.742302 ], [ -47.056732, -3.742304 ], [ -47.056002, -3.740689 ], [ -47.054449, -3.741299 ], [ -47.053093, -3.738068 ], [ -47.053297, -3.736855 ], [ -47.054228, -3.73564 ], [ -47.056299, -3.734523 ], [ -47.057232, -3.734723 ], [ -47.06085, -3.729763 ], [ -47.060377, -3.727338 ], [ -47.057362, -3.723606 ], [ -47.05715, -3.721686 ], [ -47.054974, -3.721893 ], [ -47.054451, -3.720277 ], [ -47.052167, -3.718766 ], [ -47.048124, -3.718877 ], [ -47.050553, -3.715941 ], [ -47.05055, -3.714728 ], [ -47.048786, -3.71352 ], [ -47.05013, -3.712 ], [ -47.049916, -3.709373 ], [ -47.046596, -3.707764 ], [ -47.046281, -3.706451 ], [ -47.047623, -3.703719 ], [ -47.049331, -3.702704 ], [ -47.049327, -3.700885 ], [ -47.050774, -3.698961 ], [ -47.049101, -3.693103 ], [ -47.049823, -3.691383 ], [ -47.048781, -3.68896 ], [ -47.049505, -3.688251 ], [ -47.05044, -3.688754 ], [ -47.05116, -3.68663 ], [ -47.05235, -3.686021 ], [ -47.053803, -3.686625 ], [ -47.054525, -3.685005 ], [ -47.053274, -3.681774 ], [ -47.051717, -3.680768 ], [ -47.051402, -3.679151 ], [ -47.050575, -3.680264 ], [ -47.049434, -3.680065 ], [ -47.049634, -3.677032 ], [ -47.048909, -3.676933 ], [ -47.048393, -3.677945 ], [ -47.048025, -3.675722 ], [ -47.045435, -3.676739 ], [ -47.043566, -3.674924 ], [ -47.040765, -3.674324 ], [ -47.039206, -3.672812 ], [ -47.037019, -3.667966 ], [ -47.037536, -3.667459 ], [ -47.039043, -3.669174 ], [ -47.041739, -3.669572 ], [ -47.04277, -3.666841 ], [ -47.044739, -3.666533 ], [ -47.04889, -3.668646 ], [ -47.052714, -3.66318 ], [ -47.052139, -3.661463 ], [ -47.046743, -3.658948 ], [ -47.045911, -3.657636 ], [ -47.046632, -3.656018 ], [ -47.050877, -3.65338 ], [ -47.052743, -3.653578 ], [ -47.056169, -3.655693 ], [ -47.057048, -3.654579 ], [ -47.053509, -3.648826 ], [ -47.055167, -3.648115 ], [ -47.055578, -3.646699 ], [ -47.052571, -3.646302 ], [ -47.049878, -3.647622 ], [ -47.047495, -3.647627 ], [ -47.042666, -3.644 ], [ -47.040075, -3.644107 ], [ -47.039656, -3.642086 ], [ -47.040688, -3.64067 ], [ -47.046074, -3.638433 ], [ -47.046589, -3.636917 ], [ -47.0442, -3.635001 ], [ -47.044767, -3.633384 ], [ -47.046943, -3.632873 ], [ -47.050369, -3.63519 ], [ -47.052339, -3.635387 ], [ -47.051918, -3.632862 ], [ -47.046726, -3.628629 ], [ -47.045268, -3.625499 ], [ -47.045368, -3.623882 ], [ -47.047595, -3.622967 ], [ -47.048628, -3.62155 ], [ -47.048624, -3.619629 ], [ -47.044989, -3.616404 ], [ -47.041153, -3.616312 ], [ -47.040425, -3.615404 ], [ -47.039696, -3.614091 ], [ -47.040106, -3.611462 ], [ -47.039163, -3.607119 ], [ -47.038174, -3.605504 ], [ -47.036309, -3.606114 ], [ -47.035269, -3.604601 ], [ -47.031747, -3.605418 ], [ -47.030591, -3.604611 ], [ -47.032805, -3.603038 ], [ -47.032108, -3.600112 ], [ -47.031035, -3.599575 ], [ -47.028353, -3.60012 ], [ -47.027355, -3.599275 ], [ -47.030794, -3.59472 ], [ -47.03627, -3.592897 ], [ -47.038106, -3.591274 ], [ -47.039639, -3.591116 ], [ -47.040714, -3.592116 ], [ -47.041401, -3.590728 ], [ -47.040477, -3.588726 ], [ -47.038181, -3.590349 ], [ -47.038176, -3.58796 ], [ -47.036488, -3.587424 ], [ -47.033271, -3.588356 ], [ -47.031967, -3.588051 ], [ -47.031851, -3.587396 ], [ -47.034683, -3.585849 ], [ -47.034681, -3.585155 ], [ -47.03238, -3.584004 ], [ -47.031764, -3.582927 ], [ -47.027237, -3.580933 ], [ -47.027846, -3.578774 ], [ -47.028765, -3.578463 ], [ -47.030227, -3.580926 ], [ -47.030916, -3.580616 ], [ -47.035613, -3.573092 ], [ -47.039523, -3.573623 ], [ -47.037754, -3.570313 ], [ -47.036448, -3.569237 ], [ -47.034532, -3.56955 ], [ -47.033993, -3.568703 ], [ -47.038658, -3.563761 ], [ -47.038846, -3.562103 ], [ -47.034166, -3.560033 ], [ -47.030565, -3.560195 ], [ -47.022906, -3.562986 ], [ -47.020382, -3.565303 ], [ -47.018466, -3.565539 ], [ -47.016424, -3.562734 ], [ -47.016131, -3.558589 ], [ -47.016326, -3.5542 ], [ -47.018476, -3.548542 ], [ -47.013639, -3.545811 ], [ -47.011342, -3.549323 ], [ -47.010267, -3.54942 ], [ -47.004062, -3.542641 ], [ -47.003769, -3.534204 ], [ -47.000397, -3.536008 ], [ -46.996683, -3.535131 ], [ -46.995901, -3.537959 ], [ -46.994387, -3.53874 ], [ -46.986275, -3.529571 ], [ -46.979288, -3.528937 ], [ -46.975699, -3.529768 ], [ -46.975379, -3.524986 ], [ -46.977724, -3.521085 ], [ -46.978359, -3.517719 ], [ -46.96888, -3.516061 ], [ -46.96888, -3.514403 ], [ -46.972007, -3.510208 ], [ -46.974206, -3.50577 ], [ -46.976845, -3.502844 ], [ -46.977578, -3.499332 ], [ -46.982415, -3.496162 ], [ -46.982317, -3.494943 ], [ -46.977773, -3.493138 ], [ -46.976454, -3.493138 ], [ -46.975623, -3.49465 ], [ -46.974646, -3.49465 ], [ -46.974597, -3.491333 ], [ -46.973571, -3.491041 ], [ -46.972789, -3.492358 ], [ -46.972154, -3.492211 ], [ -46.972496, -3.490943 ], [ -46.971616, -3.490017 ], [ -46.968782, -3.489382 ], [ -46.966876, -3.491187 ], [ -46.967365, -3.493675 ], [ -46.966388, -3.494406 ], [ -46.965313, -3.494357 ], [ -46.963945, -3.491967 ], [ -46.963114, -3.492114 ], [ -46.962723, -3.496503 ], [ -46.962039, -3.497381 ], [ -46.959791, -3.495089 ], [ -46.959791, -3.492114 ], [ -46.960915, -3.488651 ], [ -46.965801, -3.48153 ], [ -46.966583, -3.478945 ], [ -46.96971, -3.475775 ], [ -46.969857, -3.474311 ], [ -46.969075, -3.473677 ], [ -46.960573, -3.474263 ], [ -46.958618, -3.472604 ], [ -46.957543, -3.472653 ], [ -46.953243, -3.476896 ], [ -46.948455, -3.476799 ], [ -46.947917, -3.471044 ], [ -46.948797, -3.465776 ], [ -46.953243, -3.465825 ], [ -46.95554, -3.46402 ], [ -46.956322, -3.461289 ], [ -46.952901, -3.456606 ], [ -46.950605, -3.456167 ], [ -46.948357, -3.457631 ], [ -46.947722, -3.460118 ], [ -46.947087, -3.459435 ], [ -46.947917, -3.456558 ], [ -46.952706, -3.449778 ], [ -46.951191, -3.448168 ], [ -46.948943, -3.447681 ], [ -46.947282, -3.4489 ], [ -46.946207, -3.452265 ], [ -46.942054, -3.448656 ], [ -46.942054, -3.44651 ], [ -46.945572, -3.443388 ], [ -46.945865, -3.442364 ], [ -46.945034, -3.441145 ], [ -46.946696, -3.43895 ], [ -46.948797, -3.437974 ], [ -46.953243, -3.43934 ], [ -46.955345, -3.438364 ], [ -46.956175, -3.435779 ], [ -46.954367, -3.433975 ], [ -46.953537, -3.431828 ], [ -46.956322, -3.425878 ], [ -46.9551, -3.423488 ], [ -46.952901, -3.422707 ], [ -46.947868, -3.423536 ], [ -46.947282, -3.422171 ], [ -46.948504, -3.421098 ], [ -46.947624, -3.419732 ], [ -46.946549, -3.419732 ], [ -46.946451, -3.421634 ], [ -46.94523, -3.422317 ], [ -46.943959, -3.42178 ], [ -46.944057, -3.421049 ], [ -46.945376, -3.420463 ], [ -46.943324, -3.418903 ], [ -46.942151, -3.420951 ], [ -46.941565, -3.419732 ], [ -46.940685, -3.419732 ], [ -46.940637, -3.420756 ], [ -46.939904, -3.420854 ], [ -46.942445, -3.416903 ], [ -46.940148, -3.416561 ], [ -46.940343, -3.414952 ], [ -46.941467, -3.413635 ], [ -46.944497, -3.413245 ], [ -46.946891, -3.41105 ], [ -46.948699, -3.40544 ], [ -46.948211, -3.402123 ], [ -46.946598, -3.399441 ], [ -46.944741, -3.398563 ], [ -46.94435, -3.396806 ], [ -46.949188, -3.393246 ], [ -46.949139, -3.392173 ], [ -46.94567, -3.390026 ], [ -46.942884, -3.394124 ], [ -46.939464, -3.396758 ], [ -46.937998, -3.396758 ], [ -46.937998, -3.394172 ], [ -46.936679, -3.393099 ], [ -46.936092, -3.391441 ], [ -46.936679, -3.384027 ], [ -46.938584, -3.381441 ], [ -46.94352, -3.379344 ], [ -46.944399, -3.378173 ], [ -46.944252, -3.377198 ], [ -46.938682, -3.372807 ], [ -46.937314, -3.372905 ], [ -46.937069, -3.373832 ], [ -46.938731, -3.374466 ], [ -46.93878, -3.375685 ], [ -46.936043, -3.376173 ], [ -46.932525, -3.375832 ], [ -46.93101, -3.373881 ], [ -46.92974, -3.373832 ], [ -46.927883, -3.377637 ], [ -46.927248, -3.376124 ], [ -46.922899, -3.374368 ], [ -46.921531, -3.370515 ], [ -46.921482, -3.368515 ], [ -46.925, -3.364783 ], [ -46.923192, -3.364052 ], [ -46.920896, -3.365027 ], [ -46.916107, -3.365369 ], [ -46.915716, -3.364003 ], [ -46.91728, -3.363125 ], [ -46.91728, -3.36132 ], [ -46.912442, -3.361613 ], [ -46.912247, -3.363222 ], [ -46.910439, -3.364344 ], [ -46.910927, -3.3661 ], [ -46.912198, -3.366393 ], [ -46.911954, -3.367954 ], [ -46.910732, -3.369125 ], [ -46.909071, -3.369027 ], [ -46.907263, -3.367417 ], [ -46.905748, -3.367515 ], [ -46.903842, -3.364539 ], [ -46.90438, -3.362539 ], [ -46.907067, -3.358978 ], [ -46.905846, -3.358247 ], [ -46.901252, -3.35771 ], [ -46.900373, -3.355661 ], [ -46.898809, -3.355613 ], [ -46.8992, -3.350393 ], [ -46.902083, -3.351222 ], [ -46.902767, -3.35054 ], [ -46.896464, -3.346979 ], [ -46.894558, -3.34454 ], [ -46.890405, -3.343369 ], [ -46.888303, -3.33971 ], [ -46.889867, -3.335369 ], [ -46.886544, -3.335905 ], [ -46.884834, -3.335174 ], [ -46.883564, -3.337418 ], [ -46.876967, -3.342296 ], [ -46.87941, -3.345759 ], [ -46.875794, -3.346393 ], [ -46.874475, -3.345905 ], [ -46.87174, -3.341563 ], [ -46.867634, -3.340735 ], [ -46.86866, -3.338101 ], [ -46.868367, -3.336881 ], [ -46.865582, -3.334491 ], [ -46.865484, -3.333369 ], [ -46.868074, -3.32971 ], [ -46.869442, -3.328783 ], [ -46.87296, -3.328296 ], [ -46.872374, -3.327417 ], [ -46.869931, -3.326637 ], [ -46.867781, -3.32693 ], [ -46.865338, -3.328539 ], [ -46.861282, -3.336491 ], [ -46.86006, -3.341076 ], [ -46.858643, -3.342979 ], [ -46.85405, -3.339076 ], [ -46.84931, -3.337027 ], [ -46.84887, -3.33532 ], [ -46.851607, -3.332735 ], [ -46.851851, -3.3301 ], [ -46.848919, -3.324588 ], [ -46.851118, -3.3221 ], [ -46.850581, -3.319808 ], [ -46.849213, -3.318393 ], [ -46.846036, -3.319271 ], [ -46.841003, -3.324491 ], [ -46.839195, -3.324149 ], [ -46.838462, -3.31971 ], [ -46.829911, -3.311466 ], [ -46.828103, -3.311417 ], [ -46.82307, -3.313222 ], [ -46.814861, -3.311466 ], [ -46.813884, -3.310051 ], [ -46.811783, -3.3041 ], [ -46.812223, -3.302051 ], [ -46.819406, -3.298148 ], [ -46.824927, -3.299124 ], [ -46.826589, -3.297904 ], [ -46.826247, -3.296929 ], [ -46.82092, -3.292977 ], [ -46.815594, -3.292684 ], [ -46.811343, -3.290977 ], [ -46.810806, -3.290001 ], [ -46.811685, -3.287465 ], [ -46.809779, -3.284928 ], [ -46.809388, -3.282781 ], [ -46.8132, -3.279123 ], [ -46.818477, -3.277318 ], [ -46.820041, -3.275513 ], [ -46.82009, -3.274049 ], [ -46.818575, -3.268098 ], [ -46.816816, -3.267561 ], [ -46.815008, -3.268293 ], [ -46.812907, -3.272391 ], [ -46.811441, -3.272927 ], [ -46.806457, -3.268829 ], [ -46.803232, -3.267463 ], [ -46.802059, -3.266 ], [ -46.802499, -3.264683 ], [ -46.801766, -3.260292 ], [ -46.805675, -3.258633 ], [ -46.806457, -3.256926 ], [ -46.805333, -3.25273 ], [ -46.80587, -3.24712 ], [ -46.80675, -3.245315 ], [ -46.806163, -3.244047 ], [ -46.804062, -3.242485 ], [ -46.79727, -3.240241 ], [ -46.795316, -3.240266 ], [ -46.789648, -3.242998 ], [ -46.786985, -3.246925 ], [ -46.785909, -3.247242 ], [ -46.784786, -3.243754 ], [ -46.779191, -3.242168 ], [ -46.779557, -3.236046 ], [ -46.777407, -3.233241 ], [ -46.777456, -3.231435 ], [ -46.782, -3.222752 ], [ -46.778531, -3.216848 ], [ -46.775892, -3.216165 ], [ -46.771886, -3.216946 ], [ -46.76827, -3.216068 ], [ -46.764654, -3.214555 ], [ -46.762895, -3.212945 ], [ -46.761624, -3.212945 ], [ -46.760158, -3.214409 ], [ -46.759572, -3.216409 ], [ -46.759963, -3.218214 ], [ -46.758888, -3.218751 ], [ -46.75708, -3.218556 ], [ -46.755272, -3.216214 ], [ -46.755272, -3.214409 ], [ -46.758057, -3.209042 ], [ -46.765778, -3.205676 ], [ -46.771544, -3.204066 ], [ -46.772423, -3.202163 ], [ -46.769491, -3.198553 ], [ -46.762602, -3.195821 ], [ -46.759328, -3.195675 ], [ -46.758399, -3.194748 ], [ -46.760012, -3.187186 ], [ -46.761282, -3.185771 ], [ -46.77042, -3.181624 ], [ -46.773058, -3.178599 ], [ -46.772276, -3.177574 ], [ -46.768905, -3.176501 ], [ -46.764654, -3.177428 ], [ -46.762553, -3.178745 ], [ -46.761429, -3.181819 ], [ -46.758448, -3.184453 ], [ -46.754539, -3.187137 ], [ -46.752633, -3.189332 ], [ -46.751558, -3.188844 ], [ -46.749555, -3.184697 ], [ -46.745646, -3.18216 ], [ -46.74418, -3.179331 ], [ -46.744913, -3.174501 ], [ -46.749506, -3.167133 ], [ -46.749555, -3.165914 ], [ -46.738609, -3.161864 ], [ -46.728739, -3.162352 ], [ -46.722631, -3.159132 ], [ -46.719943, -3.153472 ], [ -46.720285, -3.151521 ], [ -46.725367, -3.149569 ], [ -46.730351, -3.144495 ], [ -46.728837, -3.138884 ], [ -46.728201, -3.130297 ], [ -46.729374, -3.128199 ], [ -46.731866, -3.127272 ], [ -46.736068, -3.133322 ], [ -46.744473, -3.137372 ], [ -46.748382, -3.131663 ], [ -46.749604, -3.124491 ], [ -46.748138, -3.121856 ], [ -46.746476, -3.121173 ], [ -46.741688, -3.123125 ], [ -46.73602, -3.121027 ], [ -46.734505, -3.121612 ], [ -46.731964, -3.124588 ], [ -46.72781, -3.120051 ], [ -46.726687, -3.115904 ], [ -46.72439, -3.111464 ], [ -46.721849, -3.109268 ], [ -46.718868, -3.109219 ], [ -46.715497, -3.111268 ], [ -46.712712, -3.114098 ], [ -46.712467, -3.115611 ], [ -46.713689, -3.117611 ], [ -46.714275, -3.121856 ], [ -46.716816, -3.125515 ], [ -46.716474, -3.126394 ], [ -46.710415, -3.128004 ], [ -46.707727, -3.127077 ], [ -46.705919, -3.125369 ], [ -46.702939, -3.119026 ], [ -46.704991, -3.115562 ], [ -46.70631, -3.107072 ], [ -46.707385, -3.105121 ], [ -46.70675, -3.100632 ], [ -46.704551, -3.098826 ], [ -46.70201, -3.098046 ], [ -46.693264, -3.096777 ], [ -46.688622, -3.092971 ], [ -46.68696, -3.092923 ], [ -46.682709, -3.095411 ], [ -46.680315, -3.09585 ], [ -46.677383, -3.095752 ], [ -46.676504, -3.094142 ], [ -46.678898, -3.084725 ], [ -46.680852, -3.081603 ], [ -46.682025, -3.074381 ], [ -46.676406, -3.071454 ], [ -46.673181, -3.067306 ], [ -46.673963, -3.056376 ], [ -46.67494, -3.054522 ], [ -46.677139, -3.053351 ], [ -46.675771, -3.049447 ], [ -46.676992, -3.042958 ], [ -46.677334, -3.034272 ], [ -46.676406, -3.032662 ], [ -46.674598, -3.032125 ], [ -46.669174, -3.032857 ], [ -46.66805, -3.032028 ], [ -46.667317, -3.029685 ], [ -46.667464, -3.028075 ], [ -46.672008, -3.020731 ], [ -46.67279, -3.017365 ], [ -46.672399, -3.015803 ], [ -46.670298, -3.014315 ], [ -46.66419, -3.013534 ], [ -46.659206, -3.011924 ], [ -46.658815, -3.01085 ], [ -46.662284, -3.008508 ], [ -46.669369, -3.00641 ], [ -46.673621, -3.002116 ], [ -46.674158, -3.000213 ], [ -46.672301, -2.995772 ], [ -46.66849, -2.992795 ], [ -46.666731, -2.994699 ], [ -46.661405, -2.996553 ], [ -46.653928, -2.997431 ], [ -46.650948, -2.997138 ], [ -46.649922, -2.996016 ], [ -46.651436, -2.990502 ], [ -46.649286, -2.985378 ], [ -46.649238, -2.983426 ], [ -46.654222, -2.978254 ], [ -46.658375, -2.980011 ], [ -46.662089, -2.978205 ], [ -46.662968, -2.974692 ], [ -46.658326, -2.973228 ], [ -46.652707, -2.973716 ], [ -46.650166, -2.973032 ], [ -46.64743, -2.969812 ], [ -46.648505, -2.965859 ], [ -46.648407, -2.961272 ], [ -46.651974, -2.959857 ], [ -46.655346, -2.956197 ], [ -46.663701, -2.953903 ], [ -46.66761, -2.954684 ], [ -46.673034, -2.945071 ], [ -46.67279, -2.943851 ], [ -46.670689, -2.941753 ], [ -46.667268, -2.936336 ], [ -46.654808, -2.932285 ], [ -46.653928, -2.931065 ], [ -46.656665, -2.924429 ], [ -46.661258, -2.920085 ], [ -46.666193, -2.907641 ], [ -46.666144, -2.906763 ], [ -46.663237, -2.904664 ], [ -46.662626, -2.903298 ], [ -46.663139, -2.90242 ], [ -46.669638, -2.89976 ], [ -46.670444, -2.897198 ], [ -46.673376, -2.893074 ], [ -46.67643, -2.892659 ], [ -46.681146, -2.893611 ], [ -46.681659, -2.891561 ], [ -46.680828, -2.883143 ], [ -46.679802, -2.881557 ], [ -46.675477, -2.87897 ], [ -46.668441, -2.875945 ], [ -46.654222, -2.878482 ], [ -46.651583, -2.879946 ], [ -46.648896, -2.883607 ], [ -46.642348, -2.884387 ], [ -46.639416, -2.883558 ], [ -46.637559, -2.879849 ], [ -46.637559, -2.877604 ], [ -46.63624, -2.875993 ], [ -46.634627, -2.870528 ], [ -46.635018, -2.869893 ], [ -46.639563, -2.871601 ], [ -46.6401, -2.870381 ], [ -46.639709, -2.868283 ], [ -46.641077, -2.866038 ], [ -46.640686, -2.864818 ], [ -46.639074, -2.864183 ], [ -46.639172, -2.863598 ], [ -46.640931, -2.863158 ], [ -46.640638, -2.861841 ], [ -46.638292, -2.86267 ], [ -46.636533, -2.861841 ], [ -46.635751, -2.866087 ], [ -46.637364, -2.868234 ], [ -46.635556, -2.868527 ], [ -46.631989, -2.866282 ], [ -46.632184, -2.865257 ], [ -46.633601, -2.864232 ], [ -46.633406, -2.863354 ], [ -46.631207, -2.861694 ], [ -46.632624, -2.859108 ], [ -46.639123, -2.858717 ], [ -46.641273, -2.854276 ], [ -46.640002, -2.850909 ], [ -46.638781, -2.851055 ], [ -46.635507, -2.853495 ], [ -46.626125, -2.856326 ], [ -46.620945, -2.859645 ], [ -46.619089, -2.859547 ], [ -46.615961, -2.855008 ], [ -46.614104, -2.855008 ], [ -46.613127, -2.85818 ], [ -46.612003, -2.857448 ], [ -46.610977, -2.855252 ], [ -46.611808, -2.849347 ], [ -46.610684, -2.845784 ], [ -46.615131, -2.837244 ], [ -46.618747, -2.835975 ], [ -46.614838, -2.829386 ], [ -46.610293, -2.830606 ], [ -46.60267, -2.833974 ], [ -46.597198, -2.839635 ], [ -46.589575, -2.845784 ], [ -46.588304, -2.84476 ], [ -46.587376, -2.842612 ], [ -46.583662, -2.84027 ], [ -46.58161, -2.840416 ], [ -46.579167, -2.843149 ], [ -46.575698, -2.841539 ], [ -46.580731, -2.835243 ], [ -46.583125, -2.835194 ], [ -46.583809, -2.834072 ], [ -46.583711, -2.833047 ], [ -46.582148, -2.832168 ], [ -46.581757, -2.830753 ], [ -46.582392, -2.829094 ], [ -46.584347, -2.828313 ], [ -46.586545, -2.828606 ], [ -46.587572, -2.832607 ], [ -46.588549, -2.833535 ], [ -46.589819, -2.833535 ], [ -46.591334, -2.832119 ], [ -46.591872, -2.830362 ], [ -46.591676, -2.826995 ], [ -46.594706, -2.826995 ], [ -46.595781, -2.826312 ], [ -46.595487, -2.824799 ], [ -46.591725, -2.824457 ], [ -46.591041, -2.823774 ], [ -46.590601, -2.819626 ], [ -46.591236, -2.817771 ], [ -46.592507, -2.816892 ], [ -46.595292, -2.816844 ], [ -46.597833, -2.817966 ], [ -46.598615, -2.81904 ], [ -46.599739, -2.818113 ], [ -46.601107, -2.813183 ], [ -46.599103, -2.804642 ], [ -46.600325, -2.800543 ], [ -46.598957, -2.79698 ], [ -46.602524, -2.78922 ], [ -46.605895, -2.787756 ], [ -46.607703, -2.788439 ], [ -46.609414, -2.790977 ], [ -46.608974, -2.795857 ], [ -46.609756, -2.798835 ], [ -46.613616, -2.800982 ], [ -46.618405, -2.804935 ], [ -46.622069, -2.804984 ], [ -46.625294, -2.806546 ], [ -46.626418, -2.806546 ], [ -46.62891, -2.801812 ], [ -46.634823, -2.796443 ], [ -46.638488, -2.790928 ], [ -46.639221, -2.788439 ], [ -46.639025, -2.785657 ], [ -46.636875, -2.77736 ], [ -46.631353, -2.770869 ], [ -46.631158, -2.768916 ], [ -46.634383, -2.763352 ], [ -46.635995, -2.755397 ], [ -46.636924, -2.753786 ], [ -46.64225, -2.750223 ], [ -46.642885, -2.750614 ], [ -46.643765, -2.754958 ], [ -46.646501, -2.758179 ], [ -46.648651, -2.75896 ], [ -46.650752, -2.758813 ], [ -46.651876, -2.757203 ], [ -46.652707, -2.754958 ], [ -46.652463, -2.748759 ], [ -46.654759, -2.744757 ], [ -46.658815, -2.741292 ], [ -46.656469, -2.737533 ], [ -46.652902, -2.735191 ], [ -46.652511, -2.732604 ], [ -46.653977, -2.729041 ], [ -46.655834, -2.728845 ], [ -46.658326, -2.731091 ], [ -46.669614, -2.734605 ], [ -46.673474, -2.733726 ], [ -46.674891, -2.731872 ], [ -46.674402, -2.731091 ], [ -46.670347, -2.7307 ], [ -46.668539, -2.728992 ], [ -46.667561, -2.726698 ], [ -46.668294, -2.721866 ], [ -46.672448, -2.717473 ], [ -46.673132, -2.71474 ], [ -46.67323, -2.712251 ], [ -46.671373, -2.706198 ], [ -46.667122, -2.701366 ], [ -46.665949, -2.699267 ], [ -46.665705, -2.696778 ], [ -46.663115, -2.693557 ], [ -46.654906, -2.69053 ], [ -46.65041, -2.691409 ], [ -46.647185, -2.689945 ], [ -46.646697, -2.688431 ], [ -46.64743, -2.686137 ], [ -46.650899, -2.6815 ], [ -46.650655, -2.680475 ], [ -46.649335, -2.68028 ], [ -46.644351, -2.681891 ], [ -46.638097, -2.687211 ], [ -46.635995, -2.687162 ], [ -46.634334, -2.685454 ], [ -46.632428, -2.680329 ], [ -46.632624, -2.677742 ], [ -46.634383, -2.675692 ], [ -46.63453, -2.674179 ], [ -46.633161, -2.67291 ], [ -46.62549, -2.671006 ], [ -46.622656, -2.669444 ], [ -46.6186, -2.665393 ], [ -46.619577, -2.65978 ], [ -46.618307, -2.655631 ], [ -46.618551, -2.653337 ], [ -46.622265, -2.644941 ], [ -46.618111, -2.64377 ], [ -46.611173, -2.644453 ], [ -46.609804, -2.643916 ], [ -46.608974, -2.642403 ], [ -46.608583, -2.639621 ], [ -46.607215, -2.639035 ], [ -46.606091, -2.639474 ], [ -46.600814, -2.651091 ], [ -46.596807, -2.663733 ], [ -46.595439, -2.665637 ], [ -46.592604, -2.665491 ], [ -46.590259, -2.66183 ], [ -46.588647, -2.655631 ], [ -46.587474, -2.641671 ], [ -46.584884, -2.637131 ], [ -46.578874, -2.631518 ], [ -46.567342, -2.626783 ], [ -46.563677, -2.627125 ], [ -46.557814, -2.631176 ], [ -46.554442, -2.630249 ], [ -46.550337, -2.627369 ], [ -46.544767, -2.624928 ], [ -46.538561, -2.623366 ], [ -46.528788, -2.622487 ], [ -46.52053, -2.618973 ], [ -46.512761, -2.618485 ], [ -46.506849, -2.616874 ], [ -46.506507, -2.615458 ], [ -46.508999, -2.60511 ], [ -46.508705, -2.598813 ], [ -46.509732, -2.592663 ], [ -46.509438, -2.590612 ], [ -46.504845, -2.585145 ], [ -46.503966, -2.58207 ], [ -46.501767, -2.580947 ], [ -46.496196, -2.581484 ], [ -46.49258, -2.583583 ], [ -46.491359, -2.58329 ], [ -46.490284, -2.58124 ], [ -46.489795, -2.576603 ], [ -46.487205, -2.575041 ], [ -46.486961, -2.572307 ], [ -46.487938, -2.568841 ], [ -46.489697, -2.566791 ], [ -46.496929, -2.56313 ], [ -46.500888, -2.5559 ], [ -46.500936, -2.550047 ], [ -46.501718, -2.546777 ], [ -46.494242, -2.540821 ], [ -46.491212, -2.537551 ], [ -46.489111, -2.536526 ], [ -46.485642, -2.536233 ], [ -46.484909, -2.536867 ], [ -46.482954, -2.543164 ], [ -46.481391, -2.544727 ], [ -46.478459, -2.544922 ], [ -46.476406, -2.546289 ], [ -46.473572, -2.546582 ], [ -46.463311, -2.543848 ], [ -46.458131, -2.540675 ], [ -46.450949, -2.540431 ], [ -46.445231, -2.537697 ], [ -46.429937, -2.536818 ], [ -46.421288, -2.534329 ], [ -46.419334, -2.532425 ], [ -46.419138, -2.52852 ], [ -46.420164, -2.525981 ], [ -46.426321, -2.524956 ], [ -46.429448, -2.523394 ], [ -46.434823, -2.518854 ], [ -46.436583, -2.515242 ], [ -46.436778, -2.507968 ], [ -46.435019, -2.505625 ], [ -46.429986, -2.501426 ], [ -46.429351, -2.499083 ], [ -46.430084, -2.495959 ], [ -46.431794, -2.492883 ], [ -46.438781, -2.485219 ], [ -46.440052, -2.481802 ], [ -46.439514, -2.473991 ], [ -46.432967, -2.467791 ], [ -46.432429, -2.465497 ], [ -46.433895, -2.463593 ], [ -46.438097, -2.461591 ], [ -46.439075, -2.456026 ], [ -46.440589, -2.452413 ], [ -46.438879, -2.44138 ], [ -46.441078, -2.431567 ], [ -46.442153, -2.419411 ], [ -46.441273, -2.415701 ], [ -46.439368, -2.413162 ], [ -46.43111, -2.405985 ], [ -46.427494, -2.401689 ], [ -46.422461, -2.385383 ], [ -46.420897, -2.383625 ], [ -46.412786, -2.379134 ], [ -46.409952, -2.375423 ], [ -46.409414, -2.371371 ], [ -46.411173, -2.366733 ], [ -46.413226, -2.364194 ], [ -46.415913, -2.363511 ], [ -46.42251, -2.364683 ], [ -46.425295, -2.363267 ], [ -46.427885, -2.363267 ], [ -46.431892, -2.364487 ], [ -46.435947, -2.371176 ], [ -46.442984, -2.379085 ], [ -46.446013, -2.381673 ], [ -46.456275, -2.38675 ], [ -46.457789, -2.386115 ], [ -46.459842, -2.382942 ], [ -46.466292, -2.378938 ], [ -46.467367, -2.376351 ], [ -46.466194, -2.367905 ], [ -46.464288, -2.363364 ], [ -46.45344, -2.356578 ], [ -46.447284, -2.350085 ], [ -46.436338, -2.341394 ], [ -46.431647, -2.334803 ], [ -46.430572, -2.329432 ], [ -46.430475, -2.323818 ], [ -46.432918, -2.316787 ], [ -46.431745, -2.308634 ], [ -46.433064, -2.300675 ], [ -46.432429, -2.297111 ], [ -46.430572, -2.294133 ], [ -46.425099, -2.290861 ], [ -46.422705, -2.287541 ], [ -46.416304, -2.273822 ], [ -46.415913, -2.269134 ], [ -46.417819, -2.25849 ], [ -46.419578, -2.254926 ], [ -46.423927, -2.25185 ], [ -46.430572, -2.244135 ], [ -46.43194, -2.240083 ], [ -46.43194, -2.237056 ], [ -46.430523, -2.2352 ], [ -46.426663, -2.234614 ], [ -46.420946, -2.232027 ], [ -46.410636, -2.228755 ], [ -46.40873, -2.229732 ], [ -46.409219, -2.232173 ], [ -46.406091, -2.238325 ], [ -46.396123, -2.246723 ], [ -46.391139, -2.250141 ], [ -46.386155, -2.250629 ], [ -46.382246, -2.249018 ], [ -46.376969, -2.245893 ], [ -46.373353, -2.241841 ], [ -46.370714, -2.237837 ], [ -46.370079, -2.234468 ], [ -46.367831, -2.230855 ], [ -46.364362, -2.22773 ], [ -46.357961, -2.224507 ], [ -46.355322, -2.223726 ], [ -46.350924, -2.224068 ], [ -46.347211, -2.221968 ], [ -46.343986, -2.216597 ], [ -46.343497, -2.213668 ], [ -46.344181, -2.209322 ], [ -46.341933, -2.206295 ], [ -46.33905, -2.204097 ], [ -46.335581, -2.194039 ], [ -46.332356, -2.190914 ], [ -46.327274, -2.186226 ], [ -46.304406, -2.169869 ], [ -46.296295, -2.165425 ], [ -46.283297, -2.15439 ], [ -46.282955, -2.152144 ], [ -46.284616, -2.150972 ], [ -46.291164, -2.15063 ], [ -46.296246, -2.148775 ], [ -46.300204, -2.145943 ], [ -46.300888, -2.141792 ], [ -46.299324, -2.139888 ], [ -46.294389, -2.138276 ], [ -46.288867, -2.135151 ], [ -46.282759, -2.125922 ], [ -46.279925, -2.123627 ], [ -46.273084, -2.120112 ], [ -46.272107, -2.117572 ], [ -46.269859, -2.107171 ], [ -46.26854, -2.103997 ], [ -46.269224, -2.100335 ], [ -46.268687, -2.094817 ], [ -46.269273, -2.090667 ], [ -46.275088, -2.084074 ], [ -46.27758, -2.079338 ], [ -46.277433, -2.075871 ], [ -46.27543, -2.072745 ], [ -46.273573, -2.066348 ], [ -46.275332, -2.05751 ], [ -46.274599, -2.054629 ], [ -46.263165, -2.049306 ], [ -46.260429, -2.046083 ], [ -46.261015, -2.039832 ], [ -46.260575, -2.037391 ], [ -46.254956, -2.028845 ], [ -46.250265, -2.017516 ], [ -46.249923, -2.010728 ], [ -46.251682, -2.002377 ], [ -46.251438, -2.000619 ], [ -46.246502, -1.988167 ], [ -46.243229, -1.983381 ], [ -46.236485, -1.966435 ], [ -46.236143, -1.962284 ], [ -46.23673, -1.957352 ], [ -46.233944, -1.942408 ], [ -46.228863, -1.927416 ], [ -46.22339, -1.914913 ], [ -46.222706, -1.910225 ], [ -46.228765, -1.888493 ], [ -46.231062, -1.886637 ], [ -46.239955, -1.888004 ], [ -46.242202, -1.887076 ], [ -46.244792, -1.883902 ], [ -46.244841, -1.881949 ], [ -46.243522, -1.878628 ], [ -46.24103, -1.875355 ], [ -46.237023, -1.872279 ], [ -46.234531, -1.867834 ], [ -46.226078, -1.856846 ], [ -46.215279, -1.845906 ], [ -46.211369, -1.835748 ], [ -46.211027, -1.831059 ], [ -46.212542, -1.827445 ], [ -46.227006, -1.805956 ], [ -46.230329, -1.803123 ], [ -46.249386, -1.797849 ], [ -46.253637, -1.795846 ], [ -46.258914, -1.794967 ], [ -46.269224, -1.795895 ], [ -46.284738, -1.800803 ], [ -46.28745, -1.800535 ], [ -46.295488, -1.794405 ], [ -46.297736, -1.794137 ], [ -46.298933, -1.794674 ], [ -46.302471, -1.801089 ], [ -46.304575, -1.803287 ], [ -46.307313, -1.805394 ], [ -46.31005, -1.806273 ], [ -46.312151, -1.805687 ], [ -46.31413, -1.804271 ], [ -46.317692, -1.796295 ], [ -46.324489, -1.772694 ], [ -46.323707, -1.766444 ], [ -46.321557, -1.75863 ], [ -46.317844, -1.752574 ], [ -46.315596, -1.74261 ], [ -46.311882, -1.733232 ], [ -46.308462, -1.730888 ], [ -46.302891, -1.728348 ], [ -46.294975, -1.72659 ], [ -46.291555, -1.726883 ], [ -46.285203, -1.729227 ], [ -46.271032, -1.731279 ], [ -46.265853, -1.732842 ], [ -46.261944, -1.730888 ], [ -46.259598, -1.728544 ], [ -46.255396, -1.726981 ], [ -46.251487, -1.723171 ], [ -46.247577, -1.720924 ], [ -46.244255, -1.72112 ], [ -46.238977, -1.722976 ], [ -46.230866, -1.729032 ], [ -46.2251, -1.73167 ], [ -46.221191, -1.731279 ], [ -46.211223, -1.727176 ], [ -46.206141, -1.720241 ], [ -46.204871, -1.717505 ], [ -46.205457, -1.709105 ], [ -46.203502, -1.705295 ], [ -46.201548, -1.705002 ], [ -46.198714, -1.706858 ], [ -46.195684, -1.70676 ], [ -46.19285, -1.707639 ], [ -46.185618, -1.70422 ], [ -46.174086, -1.700508 ], [ -46.171252, -1.698359 ], [ -46.168223, -1.692303 ], [ -46.15933, -1.685074 ], [ -46.156789, -1.680288 ], [ -46.155323, -1.675403 ], [ -46.156007, -1.66837 ], [ -46.157375, -1.663681 ], [ -46.162066, -1.658211 ], [ -46.163923, -1.653912 ], [ -46.16363, -1.646293 ], [ -46.165877, -1.634375 ], [ -46.164216, -1.62656 ], [ -46.161284, -1.622848 ], [ -46.154736, -1.619233 ], [ -46.149361, -1.615033 ], [ -46.146918, -1.610441 ], [ -46.147309, -1.606436 ], [ -46.14985, -1.602919 ], [ -46.154052, -1.599402 ], [ -46.15503, -1.596276 ], [ -46.154932, -1.593736 ], [ -46.151805, -1.592076 ], [ -46.145257, -1.590513 ], [ -46.14213, -1.585824 ], [ -46.1391, -1.58387 ], [ -46.13607, -1.583577 ], [ -46.133627, -1.581818 ], [ -46.133627, -1.578692 ], [ -46.135777, -1.573124 ], [ -46.136266, -1.569705 ], [ -46.135289, -1.565797 ], [ -46.135582, -1.562866 ], [ -46.13783, -1.558079 ], [ -46.142618, -1.540299 ], [ -46.142814, -1.52418 ], [ -46.144084, -1.51783 ], [ -46.146723, -1.513727 ], [ -46.153759, -1.505814 ], [ -46.16148, -1.50005 ], [ -46.164607, -1.496044 ], [ -46.164509, -1.487447 ], [ -46.165877, -1.485591 ], [ -46.176139, -1.477385 ], [ -46.176334, -1.474942 ], [ -46.173793, -1.472305 ], [ -46.16832, -1.469471 ], [ -46.163141, -1.463121 ], [ -46.143595, -1.449737 ], [ -46.139784, -1.443875 ], [ -46.137732, -1.437134 ], [ -46.140273, -1.432835 ], [ -46.148286, -1.429221 ], [ -46.153466, -1.425606 ], [ -46.15415, -1.422577 ], [ -46.151805, -1.418962 ], [ -46.146136, -1.416715 ], [ -46.141739, -1.412124 ], [ -46.135093, -1.394733 ], [ -46.132552, -1.383107 ], [ -46.130207, -1.376854 ], [ -46.119164, -1.370895 ], [ -46.116036, -1.367182 ], [ -46.11457, -1.351941 ], [ -46.105873, -1.342269 ], [ -46.103723, -1.337286 ], [ -46.106361, -1.333769 ], [ -46.109782, -1.332792 ], [ -46.125027, -1.335332 ], [ -46.128936, -1.334257 ], [ -46.131282, -1.330447 ], [ -46.13138, -1.326539 ], [ -46.128643, -1.318039 ], [ -46.129132, -1.31247 ], [ -46.133334, -1.309734 ], [ -46.147309, -1.309441 ], [ -46.150241, -1.306119 ], [ -46.159232, -1.287751 ], [ -46.161577, -1.281889 ], [ -46.158841, -1.274659 ], [ -46.150045, -1.262544 ], [ -46.143009, -1.254727 ], [ -46.140077, -1.247693 ], [ -46.141836, -1.243198 ], [ -46.147504, -1.237531 ], [ -46.150827, -1.232646 ], [ -46.149264, -1.226002 ], [ -46.142423, -1.217599 ], [ -46.133041, -1.210369 ], [ -46.104113, -1.201967 ], [ -46.10359, -1.202428 ], [ -46.092615, -1.201447 ], [ -46.086225, -1.196683 ], [ -46.077082, -1.196243 ], [ -46.074565, -1.186632 ], [ -46.075562, -1.184141 ], [ -46.076677, -1.170745 ], [ -46.075039, -1.160998 ], [ -46.073001, -1.156016 ], [ -46.070286, -1.151878 ], [ -46.067971, -1.150389 ], [ -46.067493, -1.151014 ], [ -46.067656, -1.158489 ], [ -46.068295, -1.164277 ], [ -46.066421, -1.162468 ], [ -46.06538, -1.154866 ], [ -46.065616, -1.148078 ], [ -46.0647, -1.144277 ], [ -46.062942, -1.142871 ], [ -46.060867, -1.135338 ], [ -46.056355, -1.131582 ], [ -46.053485, -1.131624 ], [ -46.053126, -1.134958 ], [ -46.05189, -1.137138 ], [ -46.051733, -1.140288 ], [ -46.050376, -1.140816 ], [ -46.048942, -1.143553 ], [ -46.049063, -1.150887 ], [ -46.045759, -1.160449 ], [ -46.040392, -1.169779 ], [ -46.040223, -1.173963 ], [ -46.038508, -1.172999 ], [ -46.037353, -1.17039 ], [ -46.038188, -1.164205 ], [ -46.044043, -1.153314 ], [ -46.044798, -1.148858 ], [ -46.042286, -1.140381 ], [ -46.042204, -1.133678 ], [ -46.042801, -1.130615 ], [ -46.046385, -1.123994 ], [ -46.046062, -1.121141 ], [ -46.042001, -1.11595 ], [ -46.04041, -1.11251 ], [ -46.035943, -1.109131 ], [ -46.035172, -1.106226 ], [ -46.031235, -1.100623 ], [ -46.02521, -1.094529 ], [ -46.020901, -1.083362 ], [ -46.019911, -1.082229 ], [ -46.017118, -1.080347 ], [ -46.015113, -1.080941 ], [ -46.013957, -1.080132 ], [ -46.008967, -1.080132 ], [ -46.0032, -1.076964 ], [ -46.002472, -1.074143 ], [ -46.002637, -1.071171 ], [ -45.999815, -1.069757 ], [ -45.996978, -1.065702 ], [ -45.998248, -1.059131 ], [ -45.99754, -1.056521 ], [ -45.99599, -1.054333 ], [ -45.994646, -1.053015 ], [ -45.987993, -1.050325 ], [ -45.978346, -1.049328 ], [ -45.972165, -1.0507 ], [ -45.968307, -1.053063 ], [ -45.964699, -1.056054 ], [ -45.964388, -1.059767 ], [ -45.966634, -1.063301 ], [ -45.969718, -1.065504 ], [ -45.971368, -1.065095 ], [ -45.975921, -1.061053 ], [ -45.97722, -1.060944 ], [ -45.980449, -1.061735 ], [ -45.984452, -1.065975 ], [ -45.983796, -1.066952 ], [ -45.981961, -1.065239 ], [ -45.979936, -1.064777 ], [ -45.976985, -1.065473 ], [ -45.974879, -1.071068 ], [ -45.971684, -1.073877 ], [ -45.969912, -1.076837 ], [ -45.967826, -1.087221 ], [ -45.968602, -1.089457 ], [ -45.971114, -1.091217 ], [ -45.976484, -1.093095 ], [ -45.97854, -1.095389 ], [ -45.979071, -1.097165 ], [ -45.982392, -1.101856 ], [ -45.981811, -1.10343 ], [ -45.981983, -1.107092 ], [ -45.983662, -1.111403 ], [ -45.982455, -1.112566 ], [ -45.98187, -1.115355 ], [ -45.979211, -1.116359 ], [ -45.975897, -1.113247 ], [ -45.968803, -1.108867 ], [ -45.967565, -1.10855 ], [ -45.962323, -1.110247 ], [ -45.960533, -1.11561 ], [ -45.960673, -1.117795 ], [ -45.962647, -1.120992 ], [ -45.96263, -1.122104 ], [ -45.962227, -1.123554 ], [ -45.960327, -1.124983 ], [ -45.960304, -1.126652 ], [ -45.96133, -1.130087 ], [ -45.964412, -1.134511 ], [ -45.964251, -1.139706 ], [ -45.961945, -1.141276 ], [ -45.953187, -1.140113 ], [ -45.952336, -1.140363 ], [ -45.951682, -1.141886 ], [ -45.951396, -1.143519 ], [ -45.953568, -1.14698 ], [ -45.95594, -1.153054 ], [ -45.95961, -1.158851 ], [ -45.958327, -1.161286 ], [ -45.954157, -1.16142 ], [ -45.955403, -1.164305 ], [ -45.954714, -1.167764 ], [ -45.958147, -1.17359 ], [ -45.958228, -1.181143 ], [ -45.957052, -1.190663 ], [ -45.957763, -1.195137 ], [ -45.955446, -1.199458 ], [ -45.954512, -1.199281 ], [ -45.953976, -1.202193 ], [ -45.949504, -1.203069 ], [ -45.945776, -1.201311 ], [ -45.945468, -1.19993 ], [ -45.946522, -1.195588 ], [ -45.944423, -1.193213 ], [ -45.944055, -1.191362 ], [ -45.939791, -1.183802 ], [ -45.930184, -1.171021 ], [ -45.908129, -1.134437 ], [ -45.907522, -1.130805 ], [ -45.905395, -1.12981 ], [ -45.904969, -1.12556 ], [ -45.903656, -1.122889 ], [ -45.899804, -1.119104 ], [ -45.896955, -1.118217 ], [ -45.896136, -1.114182 ], [ -45.894857, -1.112637 ], [ -45.895802, -1.110005 ], [ -45.894605, -1.106762 ], [ -45.896336, -1.103352 ], [ -45.895904, -1.099469 ], [ -45.891585, -1.092857 ], [ -45.89111, -1.08901 ], [ -45.889003, -1.086354 ], [ -45.886918, -1.081835 ], [ -45.88406, -1.078688 ], [ -45.879583, -1.076485 ], [ -45.87637, -1.076273 ], [ -45.873312, -1.077057 ], [ -45.872743, -1.074097 ], [ -45.870392, -1.073441 ], [ -45.870356, -1.072194 ], [ -45.871264, -1.071158 ], [ -45.875064, -1.069803 ], [ -45.876088, -1.068972 ], [ -45.87616, -1.067846 ], [ -45.872107, -1.059719 ], [ -45.872216, -1.05458 ], [ -45.87155, -1.052531 ], [ -45.866889, -1.049914 ], [ -45.860561, -1.049709 ], [ -45.855559, -1.051513 ], [ -45.852452, -1.054656 ], [ -45.849167, -1.059346 ], [ -45.84494, -1.069273 ], [ -45.843541, -1.082824 ], [ -45.850184, -1.101985 ], [ -45.861517, -1.106038 ], [ -45.864948, -1.108321 ], [ -45.864386, -1.110073 ], [ -45.865363, -1.114546 ], [ -45.868186, -1.119084 ], [ -45.864636, -1.121992 ], [ -45.863507, -1.127038 ], [ -45.864703, -1.130654 ], [ -45.866548, -1.131984 ], [ -45.871174, -1.133531 ], [ -45.878851, -1.13438 ], [ -45.882298, -1.140617 ], [ -45.890471, -1.146066 ], [ -45.89307, -1.146288 ], [ -45.899589, -1.149783 ], [ -45.905446, -1.157008 ], [ -45.907074, -1.160828 ], [ -45.912075, -1.166341 ], [ -45.905953, -1.171861 ], [ -45.90087, -1.168251 ], [ -45.893255, -1.158761 ], [ -45.883097, -1.149454 ], [ -45.880136, -1.148501 ], [ -45.875872, -1.149027 ], [ -45.874677, -1.1499 ], [ -45.871021, -1.153457 ], [ -45.871244, -1.154406 ], [ -45.875081, -1.159371 ], [ -45.881148, -1.165423 ], [ -45.883843, -1.175742 ], [ -45.883866, -1.178401 ], [ -45.881807, -1.177663 ], [ -45.881186, -1.175528 ], [ -45.876883, -1.170569 ], [ -45.873845, -1.172066 ], [ -45.869372, -1.170818 ], [ -45.86842, -1.171828 ], [ -45.870824, -1.181788 ], [ -45.873793, -1.184845 ], [ -45.874543, -1.186952 ], [ -45.875395, -1.191753 ], [ -45.874708, -1.192766 ], [ -45.870216, -1.188862 ], [ -45.86964, -1.185651 ], [ -45.868423, -1.184019 ], [ -45.865731, -1.183821 ], [ -45.863907, -1.181155 ], [ -45.862262, -1.181187 ], [ -45.862882, -1.188354 ], [ -45.864693, -1.195945 ], [ -45.865817, -1.198268 ], [ -45.868853, -1.201516 ], [ -45.867497, -1.207195 ], [ -45.862774, -1.212664 ], [ -45.858121, -1.214027 ], [ -45.851558, -1.214034 ], [ -45.844444, -1.21246 ], [ -45.841823, -1.209436 ], [ -45.839938, -1.201607 ], [ -45.838178, -1.20053 ], [ -45.834918, -1.203746 ], [ -45.831625, -1.205686 ], [ -45.829903, -1.206051 ], [ -45.826333, -1.203631 ], [ -45.825571, -1.202569 ], [ -45.82585, -1.198527 ], [ -45.828732, -1.193807 ], [ -45.830831, -1.188595 ], [ -45.830513, -1.185899 ], [ -45.828708, -1.18257 ], [ -45.829942, -1.179282 ], [ -45.829008, -1.176626 ], [ -45.82612, -1.175179 ], [ -45.825045, -1.173227 ], [ -45.823429, -1.172147 ], [ -45.822841, -1.169978 ], [ -45.820947, -1.169908 ], [ -45.818803, -1.167211 ], [ -45.815655, -1.165262 ], [ -45.811231, -1.163804 ], [ -45.808041, -1.164904 ], [ -45.80686, -1.163048 ], [ -45.802124, -1.161273 ], [ -45.800975, -1.161505 ], [ -45.800635, -1.163151 ], [ -45.800731, -1.165503 ], [ -45.802025, -1.168894 ], [ -45.799643, -1.179917 ], [ -45.792126, -1.186001 ], [ -45.786595, -1.188733 ], [ -45.774796, -1.197458 ], [ -45.768167, -1.198982 ], [ -45.766649, -1.196469 ], [ -45.764236, -1.195844 ], [ -45.763599, -1.191455 ], [ -45.758786, -1.183945 ], [ -45.758648, -1.183237 ], [ -45.759965, -1.181906 ], [ -45.75988, -1.178174 ], [ -45.759201, -1.174945 ], [ -45.757053, -1.171072 ], [ -45.756254, -1.167359 ], [ -45.756694, -1.165919 ], [ -45.753819, -1.167733 ], [ -45.752415, -1.166911 ], [ -45.75247, -1.165689 ], [ -45.748859, -1.163995 ], [ -45.750682, -1.158764 ], [ -45.747621, -1.157909 ], [ -45.746542, -1.156329 ], [ -45.746688, -1.153 ], [ -45.744183, -1.152582 ], [ -45.743553, -1.147624 ], [ -45.742367, -1.145134 ], [ -45.742429, -1.140605 ], [ -45.738665, -1.138185 ], [ -45.728841, -1.134637 ], [ -45.732234, -1.130039 ], [ -45.732187, -1.128909 ], [ -45.731314, -1.128458 ], [ -45.723521, -1.129166 ], [ -45.723362, -1.127033 ], [ -45.726592, -1.121025 ], [ -45.727188, -1.114936 ], [ -45.725342, -1.110268 ], [ -45.720929, -1.110009 ], [ -45.719629, -1.111184 ], [ -45.717643, -1.117691 ], [ -45.715726, -1.117266 ], [ -45.714289, -1.118263 ], [ -45.702217, -1.130644 ], [ -45.696692, -1.135101 ], [ -45.693602, -1.138846 ], [ -45.691203, -1.144396 ], [ -45.690908, -1.148667 ], [ -45.692328, -1.152903 ], [ -45.69431, -1.152812 ], [ -45.695832, -1.153864 ], [ -45.698099, -1.156605 ], [ -45.700238, -1.161834 ], [ -45.704824, -1.163294 ], [ -45.706604, -1.168578 ], [ -45.709031, -1.169619 ], [ -45.713909, -1.174682 ], [ -45.719177, -1.182489 ], [ -45.724738, -1.187726 ], [ -45.729556, -1.196516 ], [ -45.732988, -1.199603 ], [ -45.732363, -1.20223 ], [ -45.73516, -1.204128 ], [ -45.736029, -1.20609 ], [ -45.734905, -1.210222 ], [ -45.736032, -1.212828 ], [ -45.735379, -1.215428 ], [ -45.735679, -1.218531 ], [ -45.738213, -1.22013 ], [ -45.737009, -1.2229 ], [ -45.73441, -1.234963 ], [ -45.731807, -1.236057 ], [ -45.729198, -1.235457 ], [ -45.726914, -1.237181 ], [ -45.726329, -1.242557 ], [ -45.723689, -1.249564 ], [ -45.720273, -1.255436 ], [ -45.716453, -1.260233 ], [ -45.706502, -1.270058 ], [ -45.697223, -1.273088 ], [ -45.689899, -1.273601 ], [ -45.68688, -1.27226 ], [ -45.681019, -1.266093 ], [ -45.677628, -1.264888 ], [ -45.670452, -1.259354 ], [ -45.665931, -1.254562 ], [ -45.66346, -1.253503 ], [ -45.657131, -1.245021 ], [ -45.655299, -1.240842 ], [ -45.651594, -1.240858 ], [ -45.649263, -1.239657 ], [ -45.648063, -1.236972 ], [ -45.6463, -1.232174 ], [ -45.648343, -1.214664 ], [ -45.647467, -1.203644 ], [ -45.642872, -1.178661 ], [ -45.641476, -1.174641 ], [ -45.637431, -1.168024 ], [ -45.637789, -1.165571 ], [ -45.637049, -1.159352 ], [ -45.634792, -1.154627 ], [ -45.635291, -1.150835 ], [ -45.634618, -1.148398 ], [ -45.629563, -1.139995 ], [ -45.629034, -1.135329 ], [ -45.627757, -1.132845 ], [ -45.627707, -1.130568 ], [ -45.631446, -1.125394 ], [ -45.631144, -1.123968 ], [ -45.629888, -1.123629 ], [ -45.625746, -1.126453 ], [ -45.623014, -1.130864 ], [ -45.619106, -1.134471 ], [ -45.617972, -1.138265 ], [ -45.617625, -1.146538 ], [ -45.614011, -1.157008 ], [ -45.613566, -1.162937 ], [ -45.614186, -1.16804 ], [ -45.617812, -1.18044 ], [ -45.631497, -1.187112 ], [ -45.634586, -1.189753 ], [ -45.636409, -1.192533 ], [ -45.637696, -1.196419 ], [ -45.637904, -1.203118 ], [ -45.639543, -1.208423 ], [ -45.640684, -1.216332 ], [ -45.643471, -1.222978 ], [ -45.64395, -1.226773 ], [ -45.642732, -1.231923 ], [ -45.64082, -1.232416 ], [ -45.639033, -1.235237 ], [ -45.636688, -1.236876 ], [ -45.633494, -1.245731 ], [ -45.633544, -1.250046 ], [ -45.636599, -1.256813 ], [ -45.635959, -1.258121 ], [ -45.63479, -1.257996 ], [ -45.634434, -1.259167 ], [ -45.64172, -1.269604 ], [ -45.641724, -1.273204 ], [ -45.640233, -1.277277 ], [ -45.636787, -1.281192 ], [ -45.632243, -1.283384 ], [ -45.625897, -1.283617 ], [ -45.616109, -1.276415 ], [ -45.597689, -1.27011 ], [ -45.597546, -1.268522 ], [ -45.595132, -1.268238 ], [ -45.594706, -1.266843 ], [ -45.593708, -1.26672 ], [ -45.591122, -1.269105 ], [ -45.58736, -1.270025 ], [ -45.585151, -1.27461 ], [ -45.585417, -1.279069 ], [ -45.587239, -1.283583 ], [ -45.595788, -1.293836 ], [ -45.598994, -1.299584 ], [ -45.592106, -1.302437 ], [ -45.589444, -1.298975 ], [ -45.579035, -1.293328 ], [ -45.573415, -1.28673 ], [ -45.569221, -1.287235 ], [ -45.567999, -1.286259 ], [ -45.560525, -1.284795 ], [ -45.554312, -1.281074 ], [ -45.551128, -1.276563 ], [ -45.55039, -1.276045 ], [ -45.548937, -1.276383 ], [ -45.548173, -1.277893 ], [ -45.547978, -1.283568 ], [ -45.546446, -1.286911 ], [ -45.546947, -1.297401 ], [ -45.544992, -1.301378 ], [ -45.540549, -1.303858 ], [ -45.538353, -1.306513 ], [ -45.534483, -1.308706 ], [ -45.529459, -1.309051 ], [ -45.526514, -1.30778 ], [ -45.522934, -1.3016 ], [ -45.520049, -1.300901 ], [ -45.517792, -1.302246 ], [ -45.516564, -1.306446 ], [ -45.514526, -1.307078 ], [ -45.517045, -1.31609 ], [ -45.519118, -1.319313 ], [ -45.519972, -1.328461 ], [ -45.522181, -1.336733 ], [ -45.523089, -1.337816 ], [ -45.524288, -1.343956 ], [ -45.524182, -1.34786 ], [ -45.526786, -1.35877 ], [ -45.525631, -1.363855 ], [ -45.523846, -1.367329 ], [ -45.517845, -1.375665 ], [ -45.5156, -1.377439 ], [ -45.512442, -1.378087 ], [ -45.507424, -1.377912 ], [ -45.504483, -1.376874 ], [ -45.502711, -1.375143 ], [ -45.501761, -1.366798 ], [ -45.500644, -1.36404 ], [ -45.497644, -1.362352 ], [ -45.49449, -1.352963 ], [ -45.489626, -1.347817 ], [ -45.488097, -1.345135 ], [ -45.484773, -1.343436 ], [ -45.482794, -1.340333 ], [ -45.479833, -1.338459 ], [ -45.476964, -1.335195 ], [ -45.477567, -1.328797 ], [ -45.475921, -1.324838 ], [ -45.472059, -1.322296 ], [ -45.469134, -1.321475 ], [ -45.467997, -1.320169 ], [ -45.462711, -1.318294 ], [ -45.461815, -1.317053 ], [ -45.459755, -1.317107 ], [ -45.457767, -1.319244 ], [ -45.456463, -1.319014 ], [ -45.455816, -1.31784 ], [ -45.449228, -1.315413 ], [ -45.448825, -1.313143 ], [ -45.446053, -1.311802 ], [ -45.446574, -1.309588 ], [ -45.447501, -1.309046 ], [ -45.450358, -1.309551 ], [ -45.453751, -1.309103 ], [ -45.460603, -1.306424 ], [ -45.461353, -1.304513 ], [ -45.460735, -1.300828 ], [ -45.457285, -1.297601 ], [ -45.453829, -1.295316 ], [ -45.44832, -1.293168 ], [ -45.442786, -1.292636 ], [ -45.419555, -1.294925 ], [ -45.414123, -1.297472 ], [ -45.41017, -1.301812 ], [ -45.40841, -1.306644 ], [ -45.407332, -1.316629 ], [ -45.407493, -1.324754 ], [ -45.409473, -1.332721 ], [ -45.415744, -1.345911 ], [ -45.422651, -1.353748 ], [ -45.425411, -1.352965 ], [ -45.428171, -1.354906 ], [ -45.432054, -1.3535 ], [ -45.43332, -1.350654 ], [ -45.434862, -1.351113 ], [ -45.435352, -1.355559 ], [ -45.438673, -1.358087 ], [ -45.440809, -1.361888 ], [ -45.447456, -1.365401 ], [ -45.450773, -1.368463 ], [ -45.453393, -1.368385 ], [ -45.454466, -1.366949 ], [ -45.454662, -1.364424 ], [ -45.455887, -1.36447 ], [ -45.458398, -1.366548 ], [ -45.461438, -1.365596 ], [ -45.465803, -1.366451 ], [ -45.470942, -1.369051 ], [ -45.471637, -1.37116 ], [ -45.474976, -1.372007 ], [ -45.477873, -1.385326 ], [ -45.477617, -1.394442 ], [ -45.479102, -1.399038 ], [ -45.482001, -1.404033 ], [ -45.483819, -1.410192 ], [ -45.484109, -1.414 ], [ -45.484834, -1.414449 ], [ -45.484585, -1.418443 ], [ -45.485106, -1.419523 ], [ -45.486807, -1.419791 ], [ -45.484678, -1.42215 ], [ -45.481579, -1.420694 ], [ -45.481734, -1.423669 ], [ -45.484394, -1.433344 ], [ -45.484736, -1.437953 ], [ -45.486847, -1.439642 ], [ -45.487259, -1.44182 ], [ -45.485746, -1.44489 ], [ -45.482666, -1.446506 ], [ -45.480782, -1.44961 ], [ -45.480604, -1.454652 ], [ -45.48192, -1.460875 ], [ -45.485345, -1.462039 ], [ -45.485281, -1.464067 ], [ -45.488799, -1.469385 ], [ -45.488982, -1.470782 ], [ -45.486721, -1.475197 ], [ -45.485011, -1.477181 ], [ -45.482488, -1.478579 ], [ -45.479286, -1.47966 ], [ -45.474235, -1.479749 ], [ -45.467742, -1.478618 ], [ -45.463828, -1.477115 ], [ -45.461015, -1.472311 ], [ -45.459345, -1.471703 ], [ -45.458129, -1.470122 ], [ -45.458061, -1.467284 ], [ -45.456462, -1.4618 ], [ -45.457153, -1.455233 ], [ -45.455058, -1.454292 ], [ -45.455544, -1.452148 ], [ -45.450972, -1.453198 ], [ -45.448783, -1.452826 ], [ -45.446216, -1.448402 ], [ -45.444286, -1.447346 ], [ -45.444158, -1.445072 ], [ -45.441478, -1.440035 ], [ -45.439248, -1.433347 ], [ -45.436865, -1.431109 ], [ -45.436197, -1.428395 ], [ -45.43458, -1.428136 ], [ -45.433568, -1.428944 ], [ -45.432343, -1.42813 ], [ -45.429381, -1.423832 ], [ -45.424526, -1.419172 ], [ -45.42327, -1.418777 ], [ -45.421337, -1.419359 ], [ -45.419824, -1.422098 ], [ -45.41656, -1.423394 ], [ -45.411152, -1.423076 ], [ -45.40624, -1.421465 ], [ -45.396052, -1.414066 ], [ -45.392584, -1.414283 ], [ -45.390971, -1.413383 ], [ -45.389856, -1.411987 ], [ -45.388973, -1.408587 ], [ -45.387478, -1.407744 ], [ -45.384062, -1.403562 ], [ -45.37839, -1.4025 ], [ -45.377311, -1.400789 ], [ -45.371704, -1.397113 ], [ -45.370383, -1.395531 ], [ -45.371106, -1.394358 ], [ -45.374742, -1.3946 ], [ -45.377019, -1.39396 ], [ -45.378218, -1.392731 ], [ -45.378928, -1.389864 ], [ -45.377985, -1.386336 ], [ -45.372105, -1.389788 ], [ -45.370628, -1.388443 ], [ -45.371133, -1.387254 ], [ -45.375092, -1.38354 ], [ -45.373613, -1.382673 ], [ -45.368987, -1.382966 ], [ -45.368688, -1.38079 ], [ -45.376435, -1.378776 ], [ -45.375791, -1.372522 ], [ -45.376918, -1.368609 ], [ -45.376418, -1.36674 ], [ -45.375043, -1.365672 ], [ -45.370815, -1.364543 ], [ -45.368635, -1.362807 ], [ -45.363037, -1.361411 ], [ -45.362671, -1.359838 ], [ -45.360463, -1.359189 ], [ -45.360698, -1.357029 ], [ -45.361584, -1.356242 ], [ -45.361328, -1.354176 ], [ -45.360357, -1.353518 ], [ -45.360098, -1.352231 ], [ -45.358093, -1.35086 ], [ -45.357563, -1.346014 ], [ -45.355772, -1.346584 ], [ -45.352787, -1.345949 ], [ -45.350305, -1.346617 ], [ -45.346547, -1.348617 ], [ -45.343289, -1.352736 ], [ -45.340688, -1.352017 ], [ -45.345959, -1.344531 ], [ -45.353227, -1.337175 ], [ -45.35629, -1.331794 ], [ -45.361688, -1.329466 ], [ -45.364834, -1.329214 ], [ -45.365682, -1.328313 ], [ -45.366103, -1.324572 ], [ -45.362257, -1.318876 ], [ -45.357309, -1.315676 ], [ -45.351005, -1.312979 ], [ -45.344991, -1.312868 ], [ -45.338468, -1.314837 ], [ -45.326818, -1.320485 ], [ -45.30862, -1.332917 ], [ -45.304898, -1.336411 ], [ -45.304643, -1.338395 ], [ -45.309832, -1.338561 ], [ -45.311551, -1.34017 ], [ -45.310926, -1.34232 ], [ -45.308336, -1.344431 ], [ -45.305709, -1.349081 ], [ -45.305767, -1.351443 ], [ -45.307498, -1.360392 ], [ -45.307885, -1.367172 ], [ -45.310568, -1.370706 ], [ -45.313436, -1.371039 ], [ -45.313753, -1.372961 ], [ -45.312797, -1.381115 ], [ -45.309482, -1.384097 ], [ -45.304666, -1.386034 ], [ -45.304124, -1.384417 ], [ -45.303278, -1.384591 ], [ -45.299649, -1.398356 ], [ -45.297925, -1.413096 ], [ -45.29906, -1.432783 ], [ -45.300397, -1.437635 ], [ -45.301478, -1.43895 ], [ -45.303356, -1.439498 ], [ -45.310296, -1.437959 ], [ -45.314963, -1.439987 ], [ -45.31806, -1.442365 ], [ -45.3309, -1.44767 ], [ -45.339619, -1.450392 ], [ -45.346069, -1.451011 ], [ -45.350775, -1.453353 ], [ -45.353751, -1.453659 ], [ -45.357345, -1.456169 ], [ -45.362954, -1.457182 ], [ -45.365662, -1.459226 ], [ -45.371504, -1.460535 ], [ -45.383413, -1.466655 ], [ -45.387943, -1.470946 ], [ -45.388205, -1.472017 ], [ -45.387804, -1.476638 ], [ -45.386499, -1.477797 ], [ -45.382728, -1.478882 ], [ -45.37721, -1.477651 ], [ -45.370793, -1.47379 ], [ -45.367196, -1.473074 ], [ -45.363066, -1.47354 ], [ -45.357024, -1.471704 ], [ -45.352215, -1.473269 ], [ -45.350239, -1.476741 ], [ -45.348426, -1.478424 ], [ -45.344746, -1.480169 ], [ -45.342691, -1.480357 ], [ -45.336786, -1.477224 ], [ -45.321797, -1.482709 ], [ -45.316284, -1.486326 ], [ -45.308448, -1.496811 ], [ -45.307984, -1.499207 ], [ -45.309439, -1.510753 ], [ -45.314035, -1.515466 ], [ -45.315226, -1.518494 ], [ -45.316223, -1.53506 ], [ -45.321884, -1.544198 ], [ -45.321795, -1.545512 ], [ -45.318872, -1.55066 ], [ -45.318517, -1.553939 ], [ -45.319551, -1.557243 ], [ -45.322929, -1.559916 ], [ -45.334055, -1.564229 ], [ -45.335389, -1.566032 ], [ -45.337046, -1.57235 ], [ -45.340618, -1.578567 ], [ -45.341194, -1.58178 ], [ -45.343469, -1.586794 ], [ -45.342873, -1.589421 ], [ -45.341445, -1.591212 ], [ -45.334755, -1.594315 ], [ -45.311931, -1.599443 ], [ -45.297115, -1.599197 ], [ -45.290307, -1.598002 ], [ -45.268203, -1.598592 ], [ -45.263902, -1.597636 ], [ -45.26092, -1.596081 ], [ -45.255076, -1.592497 ], [ -45.249586, -1.587226 ], [ -45.249084, -1.585486 ], [ -45.249554, -1.583039 ], [ -45.247959, -1.578212 ], [ -45.246288, -1.575342 ], [ -45.242602, -1.571863 ], [ -45.242353, -1.568222 ], [ -45.240437, -1.566625 ], [ -45.240446, -1.563893 ], [ -45.239552, -1.562941 ], [ -45.235872, -1.562301 ], [ -45.236658, -1.557561 ], [ -45.236241, -1.554262 ], [ -45.234096, -1.554634 ], [ -45.233278, -1.554076 ], [ -45.232342, -1.551346 ], [ -45.23213, -1.547456 ], [ -45.228535, -1.545443 ], [ -45.226696, -1.543048 ], [ -45.222116, -1.540921 ], [ -45.221033, -1.538823 ], [ -45.217903, -1.537246 ], [ -45.21286, -1.531578 ], [ -45.211451, -1.525437 ], [ -45.210456, -1.525056 ], [ -45.205039, -1.517629 ], [ -45.203856, -1.513009 ], [ -45.202073, -1.496642 ], [ -45.199438, -1.490154 ], [ -45.198024, -1.488425 ], [ -45.194483, -1.488088 ], [ -45.190388, -1.489192 ], [ -45.187517, -1.494433 ], [ -45.186546, -1.494955 ], [ -45.183111, -1.495737 ], [ -45.175121, -1.495361 ], [ -45.171282, -1.492075 ], [ -45.168959, -1.491709 ], [ -45.166554, -1.489579 ], [ -45.165982, -1.485192 ], [ -45.162957, -1.483084 ], [ -45.162106, -1.480028 ], [ -45.158565, -1.474758 ], [ -45.152575, -1.470365 ], [ -45.151108, -1.470467 ], [ -45.149621, -1.471716 ], [ -45.144816, -1.478392 ], [ -45.144192, -1.48155 ], [ -45.142725, -1.483241 ], [ -45.137874, -1.484873 ], [ -45.13249, -1.484785 ], [ -45.130967, -1.484051 ], [ -45.129488, -1.48107 ], [ -45.122444, -1.47668 ], [ -45.112047, -1.476033 ], [ -45.103193, -1.473129 ], [ -45.099846, -1.466996 ], [ -45.096709, -1.455465 ], [ -45.094182, -1.455639 ], [ -45.079996, -1.459745 ], [ -45.071472, -1.466855 ], [ -45.070629, -1.468248 ], [ -45.069714, -1.48121 ], [ -45.066089, -1.482918 ], [ -45.056689, -1.482223 ], [ -45.056012, -1.484132 ], [ -45.053049, -1.486983 ], [ -45.049631, -1.487852 ], [ -45.049698, -1.489529 ], [ -45.048894, -1.490351 ], [ -45.043987, -1.491784 ], [ -45.039824, -1.490275 ], [ -45.03497, -1.491758 ], [ -45.027712, -1.492622 ], [ -45.023368, -1.491113 ], [ -45.020268, -1.491698 ], [ -45.01907, -1.487843 ], [ -45.014483, -1.485312 ], [ -45.006489, -1.48613 ], [ -45.002039, -1.491904 ], [ -45.000142, -1.498475 ], [ -44.998503, -1.499897 ], [ -44.996887, -1.500024 ], [ -44.995676, -1.502275 ], [ -44.993555, -1.502267 ], [ -44.992961, -1.503677 ], [ -44.993802, -1.506061 ], [ -44.993233, -1.507725 ], [ -44.989778, -1.511045 ], [ -44.989956, -1.512608 ], [ -44.993131, -1.515166 ], [ -45.007592, -1.520984 ], [ -45.008761, -1.525553 ], [ -45.007178, -1.531759 ], [ -45.001434, -1.535037 ], [ -44.996497, -1.534836 ], [ -44.9909, -1.530882 ], [ -44.988406, -1.530545 ], [ -44.982206, -1.527927 ], [ -44.980998, -1.52569 ], [ -44.97871, -1.524587 ], [ -44.974993, -1.528078 ], [ -44.970767, -1.529566 ], [ -44.966286, -1.532868 ], [ -44.963716, -1.536204 ], [ -44.961222, -1.543373 ], [ -44.961541, -1.549711 ], [ -44.963756, -1.554769 ], [ -44.963483, -1.556471 ], [ -44.95953, -1.56001 ], [ -44.954694, -1.560824 ], [ -44.95211, -1.558915 ], [ -44.949247, -1.553155 ], [ -44.948193, -1.538405 ], [ -44.95118, -1.529335 ], [ -44.957733, -1.517676 ], [ -44.960911, -1.513169 ], [ -44.966908, -1.510691 ], [ -44.971198, -1.504574 ], [ -44.972319, -1.504427 ], [ -44.973112, -1.502524 ], [ -44.974466, -1.496461 ], [ -44.974407, -1.490328 ], [ -44.974011, -1.487981 ], [ -44.969196, -1.477883 ], [ -44.965626, -1.475 ], [ -44.958642, -1.47405 ], [ -44.957505, -1.474653 ], [ -44.956148, -1.477131 ], [ -44.948681, -1.481796 ], [ -44.949263, -1.483931 ], [ -44.952683, -1.484872 ], [ -44.956436, -1.484884 ], [ -44.954871, -1.491289 ], [ -44.948997, -1.491425 ], [ -44.937123, -1.489873 ], [ -44.935254, -1.487209 ], [ -44.93599, -1.484581 ], [ -44.935198, -1.479409 ], [ -44.933394, -1.476732 ], [ -44.926689, -1.473023 ], [ -44.922909, -1.469235 ], [ -44.920113, -1.462014 ], [ -44.912928, -1.460088 ], [ -44.910627, -1.455121 ], [ -44.907708, -1.454005 ], [ -44.902665, -1.449866 ], [ -44.900244, -1.449081 ], [ -44.8992, -1.446082 ], [ -44.893613, -1.443829 ], [ -44.894316, -1.443193 ], [ -44.893765, -1.442073 ], [ -44.891467, -1.442066 ], [ -44.888652, -1.443118 ], [ -44.886835, -1.442089 ], [ -44.883806, -1.433118 ], [ -44.884309, -1.425946 ], [ -44.881196, -1.425451 ], [ -44.881476, -1.422897 ], [ -44.885913, -1.422217 ], [ -44.886831, -1.421204 ], [ -44.886352, -1.42013 ], [ -44.87761, -1.417831 ], [ -44.871768, -1.413929 ], [ -44.86821, -1.414589 ], [ -44.864514, -1.412522 ], [ -44.861764, -1.412619 ], [ -44.860448, -1.411296 ], [ -44.85348, -1.41258 ], [ -44.850695, -1.414548 ], [ -44.846605, -1.415675 ], [ -44.837679, -1.42108 ], [ -44.835862, -1.42383 ], [ -44.833945, -1.424632 ], [ -44.830543, -1.427716 ], [ -44.830547, -1.434628 ], [ -44.835224, -1.440394 ], [ -44.836215, -1.443702 ], [ -44.843488, -1.478461 ], [ -44.842913, -1.486587 ], [ -44.843906, -1.488861 ], [ -44.84737, -1.488014 ], [ -44.849372, -1.486355 ], [ -44.85199, -1.485853 ], [ -44.855174, -1.484146 ], [ -44.857943, -1.48484 ], [ -44.860532, -1.486727 ], [ -44.863369, -1.486373 ], [ -44.878339, -1.478418 ], [ -44.885109, -1.477909 ], [ -44.885357, -1.4803 ], [ -44.881516, -1.481392 ], [ -44.872544, -1.485589 ], [ -44.871856, -1.486479 ], [ -44.872884, -1.489064 ], [ -44.873746, -1.490315 ], [ -44.882212, -1.48992 ], [ -44.882182, -1.491474 ], [ -44.880026, -1.491762 ], [ -44.879403, -1.493159 ], [ -44.877604, -1.494413 ], [ -44.877318, -1.495823 ], [ -44.883766, -1.502902 ], [ -44.885504, -1.507817 ], [ -44.891728, -1.508811 ], [ -44.894855, -1.511173 ], [ -44.894834, -1.514065 ], [ -44.890226, -1.514394 ], [ -44.890226, -1.516382 ], [ -44.891105, -1.519359 ], [ -44.895102, -1.52289 ], [ -44.893889, -1.525118 ], [ -44.898623, -1.528846 ], [ -44.900036, -1.535283 ], [ -44.903017, -1.537618 ], [ -44.907641, -1.538255 ], [ -44.912546, -1.541 ], [ -44.915483, -1.540377 ], [ -44.917434, -1.53821 ], [ -44.918266, -1.539039 ], [ -44.918125, -1.541007 ], [ -44.916592, -1.542811 ], [ -44.916104, -1.546847 ], [ -44.913038, -1.552396 ], [ -44.91237, -1.555067 ], [ -44.914151, -1.561058 ], [ -44.917715, -1.564706 ], [ -44.917964, -1.570128 ], [ -44.919071, -1.571588 ], [ -44.91875, -1.572528 ], [ -44.915678, -1.572846 ], [ -44.91204, -1.578905 ], [ -44.910723, -1.582399 ], [ -44.912304, -1.590752 ], [ -44.912206, -1.59582 ], [ -44.909033, -1.60144 ], [ -44.905799, -1.604666 ], [ -44.902143, -1.606772 ], [ -44.899266, -1.607191 ], [ -44.89677, -1.604773 ], [ -44.893337, -1.603802 ], [ -44.887181, -1.602835 ], [ -44.885769, -1.603906 ], [ -44.885047, -1.602859 ], [ -44.88268, -1.602237 ], [ -44.879317, -1.602162 ], [ -44.877382, -1.601304 ], [ -44.871749, -1.601334 ], [ -44.869276, -1.603773 ], [ -44.865496, -1.60952 ], [ -44.863214, -1.615241 ], [ -44.863483, -1.616419 ], [ -44.861775, -1.618198 ], [ -44.858462, -1.618618 ], [ -44.854693, -1.618028 ], [ -44.853175, -1.617281 ], [ -44.850392, -1.613212 ], [ -44.846551, -1.60965 ], [ -44.845353, -1.60933 ], [ -44.845004, -1.607336 ], [ -44.841078, -1.603026 ], [ -44.841106, -1.601353 ], [ -44.839368, -1.598537 ], [ -44.83763, -1.59251 ], [ -44.836596, -1.575345 ], [ -44.835705, -1.572941 ], [ -44.831921, -1.573322 ], [ -44.822714, -1.577432 ], [ -44.813087, -1.584134 ], [ -44.810472, -1.587479 ], [ -44.802687, -1.589439 ], [ -44.796792, -1.586148 ], [ -44.794551, -1.582092 ], [ -44.792806, -1.581219 ], [ -44.783328, -1.580362 ], [ -44.778816, -1.578447 ], [ -44.777089, -1.576735 ], [ -44.771497, -1.562526 ], [ -44.769342, -1.56114 ], [ -44.767643, -1.562116 ], [ -44.767028, -1.563366 ], [ -44.768444, -1.572456 ], [ -44.767498, -1.582253 ], [ -44.769042, -1.591412 ], [ -44.768347, -1.593217 ], [ -44.766878, -1.594406 ], [ -44.763495, -1.594736 ], [ -44.758205, -1.592085 ], [ -44.755295, -1.587345 ], [ -44.751054, -1.583183 ], [ -44.743084, -1.579426 ], [ -44.734121, -1.571212 ], [ -44.728366, -1.564498 ], [ -44.723362, -1.556724 ], [ -44.707545, -1.55168 ], [ -44.705111, -1.553801 ], [ -44.704997, -1.554968 ], [ -44.706477, -1.562637 ], [ -44.707231, -1.573255 ], [ -44.710055, -1.578795 ], [ -44.708893, -1.580615 ], [ -44.702805, -1.583214 ], [ -44.699006, -1.583096 ], [ -44.696691, -1.582013 ], [ -44.694849, -1.580578 ], [ -44.692743, -1.575757 ], [ -44.689953, -1.572206 ], [ -44.687257, -1.565715 ], [ -44.682326, -1.565957 ], [ -44.677026, -1.570021 ], [ -44.674504, -1.576199 ], [ -44.66975, -1.577999 ], [ -44.657098, -1.587751 ], [ -44.647448, -1.601943 ], [ -44.643293, -1.605023 ], [ -44.639, -1.613308 ], [ -44.636331, -1.616559 ], [ -44.636446, -1.618105 ], [ -44.63886, -1.622951 ], [ -44.645421, -1.629976 ], [ -44.658489, -1.659757 ], [ -44.661831, -1.662639 ], [ -44.662427, -1.662842 ], [ -44.664169, -1.659568 ], [ -44.668352, -1.657496 ], [ -44.670849, -1.654338 ], [ -44.671865, -1.648654 ], [ -44.669707, -1.646228 ], [ -44.672394, -1.646438 ], [ -44.673125, -1.644281 ], [ -44.674186, -1.643953 ], [ -44.675002, -1.641374 ], [ -44.67722, -1.641932 ], [ -44.681554, -1.64466 ], [ -44.685942, -1.640986 ], [ -44.686739, -1.641281 ], [ -44.688847, -1.640303 ], [ -44.688618, -1.641447 ], [ -44.689475, -1.640783 ], [ -44.688994, -1.641651 ], [ -44.690345, -1.641748 ], [ -44.689977, -1.644101 ], [ -44.691097, -1.64438 ], [ -44.693442, -1.641771 ], [ -44.694724, -1.642017 ], [ -44.695283, -1.644031 ], [ -44.697764, -1.642783 ], [ -44.69871, -1.644675 ], [ -44.702517, -1.645953 ], [ -44.703633, -1.645388 ], [ -44.70378, -1.642905 ], [ -44.704409, -1.642591 ], [ -44.708677, -1.648083 ], [ -44.716272, -1.64855 ], [ -44.716653, -1.647726 ], [ -44.718047, -1.647641 ], [ -44.719114, -1.64856 ], [ -44.721932, -1.648014 ], [ -44.727288, -1.648332 ], [ -44.738208, -1.650546 ], [ -44.738509, -1.651842 ], [ -44.741749, -1.65343 ], [ -44.74476, -1.652667 ], [ -44.745749, -1.650962 ], [ -44.746777, -1.650733 ], [ -44.748271, -1.652026 ], [ -44.746419, -1.656788 ], [ -44.748194, -1.658017 ], [ -44.751424, -1.664899 ], [ -44.752739, -1.664804 ], [ -44.752424, -1.666563 ], [ -44.753205, -1.667833 ], [ -44.759876, -1.673979 ], [ -44.763633, -1.674995 ], [ -44.765167, -1.674275 ], [ -44.768147, -1.676231 ], [ -44.767463, -1.676919 ], [ -44.767851, -1.677635 ], [ -44.769791, -1.676906 ], [ -44.770131, -1.678186 ], [ -44.770875, -1.678287 ], [ -44.771976, -1.677162 ], [ -44.772078, -1.679388 ], [ -44.777546, -1.680227 ], [ -44.779196, -1.683042 ], [ -44.780213, -1.688999 ], [ -44.783509, -1.690036 ], [ -44.789224, -1.693409 ], [ -44.794963, -1.702104 ], [ -44.800093, -1.702997 ], [ -44.799796, -1.704293 ], [ -44.794234, -1.70611 ], [ -44.792315, -1.705731 ], [ -44.791292, -1.706498 ], [ -44.788078, -1.706898 ], [ -44.788068, -1.708115 ], [ -44.786521, -1.709906 ], [ -44.786643, -1.711794 ], [ -44.785781, -1.711926 ], [ -44.785236, -1.713257 ], [ -44.778624, -1.712476 ], [ -44.779362, -1.70843 ], [ -44.777464, -1.70576 ], [ -44.768915, -1.703433 ], [ -44.762738, -1.70459 ], [ -44.762868, -1.706128 ], [ -44.761956, -1.707445 ], [ -44.759907, -1.707796 ], [ -44.760385, -1.708589 ], [ -44.761647, -1.708543 ], [ -44.761519, -1.709178 ], [ -44.754368, -1.717992 ], [ -44.751717, -1.718319 ], [ -44.749608, -1.717589 ], [ -44.745199, -1.720986 ], [ -44.737832, -1.722018 ], [ -44.730708, -1.721516 ], [ -44.729814, -1.72054 ], [ -44.729137, -1.721441 ], [ -44.72671, -1.722209 ], [ -44.722651, -1.72121 ], [ -44.721371, -1.719091 ], [ -44.719115, -1.71893 ], [ -44.71731, -1.713712 ], [ -44.716472, -1.713326 ], [ -44.715178, -1.714418 ], [ -44.711602, -1.715317 ], [ -44.704776, -1.721023 ], [ -44.700916, -1.726244 ], [ -44.699918, -1.729051 ], [ -44.699862, -1.731755 ], [ -44.704031, -1.740974 ], [ -44.704495, -1.741167 ], [ -44.704253, -1.739239 ], [ -44.705229, -1.739154 ], [ -44.70768, -1.735548 ], [ -44.709066, -1.735756 ], [ -44.709432, -1.739037 ], [ -44.711551, -1.739827 ], [ -44.710487, -1.741262 ], [ -44.712535, -1.741291 ], [ -44.712571, -1.742292 ], [ -44.714098, -1.74262 ], [ -44.715134, -1.744956 ], [ -44.714501, -1.745972 ], [ -44.716576, -1.749314 ], [ -44.720123, -1.751608 ], [ -44.723788, -1.751311 ], [ -44.724445, -1.752137 ], [ -44.724027, -1.753537 ], [ -44.725642, -1.758075 ], [ -44.736445, -1.763577 ], [ -44.749547, -1.774579 ], [ -44.754485, -1.780651 ], [ -44.759375, -1.78303 ], [ -44.75948, -1.786483 ], [ -44.757223, -1.789356 ], [ -44.752359, -1.789139 ], [ -44.748104, -1.787476 ], [ -44.739758, -1.785845 ], [ -44.736144, -1.783226 ], [ -44.731666, -1.78131 ], [ -44.728451, -1.781325 ], [ -44.726641, -1.780375 ], [ -44.723557, -1.781232 ], [ -44.72032, -1.779852 ], [ -44.719407, -1.780436 ], [ -44.719774, -1.784007 ], [ -44.721015, -1.786936 ], [ -44.720517, -1.788361 ], [ -44.719264, -1.789574 ], [ -44.714893, -1.790317 ], [ -44.713257, -1.789361 ], [ -44.70878, -1.780448 ], [ -44.707532, -1.776551 ], [ -44.705074, -1.776443 ], [ -44.703184, -1.768463 ], [ -44.699654, -1.76944 ], [ -44.697156, -1.768906 ], [ -44.694238, -1.770694 ], [ -44.688531, -1.771879 ], [ -44.685879, -1.771553 ], [ -44.685076, -1.769896 ], [ -44.683467, -1.771797 ], [ -44.681564, -1.769308 ], [ -44.680858, -1.772645 ], [ -44.678982, -1.769462 ], [ -44.676534, -1.767972 ], [ -44.66941, -1.766434 ], [ -44.666283, -1.76441 ], [ -44.665626, -1.764589 ], [ -44.665666, -1.765862 ], [ -44.664062, -1.766277 ], [ -44.663476, -1.770509 ], [ -44.662023, -1.770932 ], [ -44.655618, -1.770483 ], [ -44.654206, -1.769817 ], [ -44.650933, -1.762381 ], [ -44.649464, -1.762183 ], [ -44.647697, -1.765156 ], [ -44.64605, -1.76514 ], [ -44.645834, -1.763371 ], [ -44.647483, -1.758728 ], [ -44.651276, -1.754477 ], [ -44.654256, -1.741868 ], [ -44.654132, -1.741334 ], [ -44.652047, -1.741978 ], [ -44.650859, -1.740422 ], [ -44.647564, -1.742377 ], [ -44.650199, -1.734514 ], [ -44.651135, -1.729086 ], [ -44.653484, -1.724589 ], [ -44.65679, -1.724837 ], [ -44.658673, -1.722879 ], [ -44.658816, -1.721608 ], [ -44.657624, -1.719338 ], [ -44.652523, -1.715401 ], [ -44.645873, -1.715724 ], [ -44.637959, -1.717885 ], [ -44.611596, -1.73207 ], [ -44.606393, -1.73562 ], [ -44.605053, -1.737891 ], [ -44.601066, -1.739707 ], [ -44.598677, -1.742994 ], [ -44.598447, -1.744672 ], [ -44.599665, -1.747862 ], [ -44.607036, -1.752006 ], [ -44.610788, -1.755327 ], [ -44.616777, -1.758909 ], [ -44.617704, -1.760821 ], [ -44.613646, -1.764663 ], [ -44.608011, -1.767898 ], [ -44.60683, -1.767988 ], [ -44.605257, -1.766007 ], [ -44.602261, -1.765972 ], [ -44.600882, -1.767894 ], [ -44.599124, -1.768716 ], [ -44.59409, -1.76826 ], [ -44.587141, -1.77124 ], [ -44.573362, -1.775195 ], [ -44.57375, -1.777396 ], [ -44.579802, -1.777586 ], [ -44.581411, -1.777023 ], [ -44.582537, -1.778219 ], [ -44.58886, -1.78007 ], [ -44.590619, -1.781096 ], [ -44.590665, -1.782155 ], [ -44.589685, -1.784566 ], [ -44.585522, -1.790106 ], [ -44.575933, -1.796102 ], [ -44.573273, -1.795701 ], [ -44.570821, -1.79659 ], [ -44.567229, -1.799518 ], [ -44.564039, -1.803581 ], [ -44.563245, -1.807562 ], [ -44.566006, -1.808631 ], [ -44.566025, -1.809133 ], [ -44.56505, -1.809112 ], [ -44.564836, -1.811341 ], [ -44.565826, -1.812881 ], [ -44.56661, -1.812812 ], [ -44.566863, -1.814888 ], [ -44.568245, -1.815827 ], [ -44.568318, -1.816663 ], [ -44.56537, -1.820536 ], [ -44.565788, -1.822319 ], [ -44.568441, -1.824867 ], [ -44.566172, -1.826261 ], [ -44.565875, -1.829031 ], [ -44.564062, -1.828809 ], [ -44.56246, -1.829938 ], [ -44.564605, -1.835326 ], [ -44.562701, -1.835935 ], [ -44.559945, -1.834019 ], [ -44.555351, -1.833837 ], [ -44.555364, -1.838029 ], [ -44.552382, -1.83879 ], [ -44.550797, -1.835912 ], [ -44.549957, -1.832234 ], [ -44.547588, -1.829356 ], [ -44.547332, -1.824 ], [ -44.544336, -1.819877 ], [ -44.539374, -1.820276 ], [ -44.53328, -1.822754 ], [ -44.533868, -1.825526 ], [ -44.537812, -1.831035 ], [ -44.541731, -1.840529 ], [ -44.541227, -1.844452 ], [ -44.538903, -1.851274 ], [ -44.541953, -1.859764 ], [ -44.544789, -1.861734 ], [ -44.544356, -1.8627 ], [ -44.544998, -1.866568 ], [ -44.548794, -1.873485 ], [ -44.550688, -1.874677 ], [ -44.551789, -1.876616 ], [ -44.552452, -1.879876 ], [ -44.553773, -1.88164 ], [ -44.553506, -1.885034 ], [ -44.551037, -1.889177 ], [ -44.548123, -1.891246 ], [ -44.546162, -1.891311 ], [ -44.537583, -1.887625 ], [ -44.53405, -1.880787 ], [ -44.528065, -1.878799 ], [ -44.522864, -1.879697 ], [ -44.518664, -1.88143 ], [ -44.514567, -1.88573 ], [ -44.512705, -1.88908 ], [ -44.492411, -1.942236 ], [ -44.489181, -1.957059 ], [ -44.492657, -1.963022 ], [ -44.494769, -1.964033 ], [ -44.501822, -1.961263 ], [ -44.505538, -1.957401 ], [ -44.50943, -1.955598 ], [ -44.511341, -1.958141 ], [ -44.505618, -1.96393 ], [ -44.498836, -1.967534 ], [ -44.495494, -1.968352 ], [ -44.495829, -1.971905 ], [ -44.493672, -1.975342 ], [ -44.490574, -1.977901 ], [ -44.490585, -1.97944 ], [ -44.493373, -1.980468 ], [ -44.492881, -1.981285 ], [ -44.491336, -1.98078 ], [ -44.489732, -1.982191 ], [ -44.486486, -1.98223 ], [ -44.483873, -1.985707 ], [ -44.481254, -1.9869 ], [ -44.482939, -1.988932 ], [ -44.489875, -1.992921 ], [ -44.494879, -1.998413 ], [ -44.501406, -2.00199 ], [ -44.507641, -2.00921 ], [ -44.512996, -2.010983 ], [ -44.515567, -2.012726 ], [ -44.525755, -2.014997 ], [ -44.528743, -2.016943 ], [ -44.532744, -2.01788 ], [ -44.535555, -2.019648 ], [ -44.54503, -2.017889 ], [ -44.556361, -2.017201 ], [ -44.563802, -2.015484 ], [ -44.569394, -2.017481 ], [ -44.575994, -2.024143 ], [ -44.578396, -2.02798 ], [ -44.576735, -2.030803 ], [ -44.569117, -2.022176 ], [ -44.565587, -2.02178 ], [ -44.560892, -2.023776 ], [ -44.549968, -2.026342 ], [ -44.546246, -2.02822 ], [ -44.54001, -2.033178 ], [ -44.532498, -2.036258 ], [ -44.530503, -2.03535 ], [ -44.521944, -2.034021 ], [ -44.521433, -2.035484 ], [ -44.520615, -2.035449 ], [ -44.511383, -2.03065 ], [ -44.507634, -2.026768 ], [ -44.504259, -2.026257 ], [ -44.503711, -2.024416 ], [ -44.501663, -2.023597 ], [ -44.496788, -2.025743 ], [ -44.495968, -2.032523 ], [ -44.491481, -2.04028 ], [ -44.489982, -2.040814 ], [ -44.48906, -2.039743 ], [ -44.487254, -2.04127 ], [ -44.485457, -2.040137 ], [ -44.485295, -2.042741 ], [ -44.487778, -2.046228 ], [ -44.490577, -2.048051 ], [ -44.493371, -2.049015 ], [ -44.495803, -2.048456 ], [ -44.497954, -2.049345 ], [ -44.499174, -2.053031 ], [ -44.50359, -2.054866 ], [ -44.50581, -2.057862 ], [ -44.515529, -2.066093 ], [ -44.517343, -2.069037 ], [ -44.520501, -2.072092 ], [ -44.521395, -2.072755 ], [ -44.524333, -2.072584 ], [ -44.527174, -2.074196 ], [ -44.528616, -2.076972 ], [ -44.529001, -2.079942 ], [ -44.535006, -2.08527 ], [ -44.545996, -2.091672 ], [ -44.547897, -2.091065 ], [ -44.55043, -2.088407 ], [ -44.552457, -2.089017 ], [ -44.553722, -2.090788 ], [ -44.553849, -2.094051 ], [ -44.555064, -2.097464 ], [ -44.558958, -2.100555 ], [ -44.558712, -2.103341 ], [ -44.565791, -2.110979 ], [ -44.566719, -2.125626 ], [ -44.569004, -2.127354 ], [ -44.576544, -2.127664 ], [ -44.57736, -2.12623 ], [ -44.578281, -2.126184 ], [ -44.578936, -2.128661 ], [ -44.58086, -2.128619 ], [ -44.580486, -2.131413 ], [ -44.58268, -2.132141 ], [ -44.581841, -2.134175 ], [ -44.587465, -2.133795 ], [ -44.588308, -2.134639 ], [ -44.588611, -2.136845 ], [ -44.586931, -2.137816 ], [ -44.586242, -2.139342 ], [ -44.581342, -2.142382 ], [ -44.579804, -2.144486 ], [ -44.587564, -2.150871 ], [ -44.588042, -2.155023 ], [ -44.586664, -2.156269 ], [ -44.586051, -2.158785 ], [ -44.587292, -2.165553 ], [ -44.594997, -2.181615 ], [ -44.597516, -2.183061 ], [ -44.59911, -2.186687 ], [ -44.602267, -2.19086 ], [ -44.607136, -2.192978 ], [ -44.609571, -2.195095 ], [ -44.613548, -2.201384 ], [ -44.615269, -2.20283 ], [ -44.617731, -2.208306 ], [ -44.62442, -2.214648 ], [ -44.625975, -2.218671 ], [ -44.627659, -2.220106 ], [ -44.627819, -2.221848 ], [ -44.631713, -2.224196 ], [ -44.634124, -2.228541 ], [ -44.641434, -2.233026 ], [ -44.644592, -2.236049 ], [ -44.647684, -2.237313 ], [ -44.650495, -2.237154 ], [ -44.651749, -2.237787 ], [ -44.656822, -2.24475 ], [ -44.660628, -2.247745 ], [ -44.669796, -2.251902 ], [ -44.675431, -2.252901 ], [ -44.681965, -2.254955 ], [ -44.683673, -2.256143 ], [ -44.684912, -2.257885 ], [ -44.685375, -2.263001 ], [ -44.68208, -2.272115 ], [ -44.67751, -2.280816 ], [ -44.671781, -2.287689 ], [ -44.659714, -2.287347 ], [ -44.657113, -2.289515 ], [ -44.654414, -2.293771 ], [ -44.650753, -2.295218 ], [ -44.644445, -2.296282 ], [ -44.638769, -2.295852 ], [ -44.634586, -2.294654 ], [ -44.627593, -2.290897 ], [ -44.624787, -2.280451 ], [ -44.626156, -2.275741 ], [ -44.623678, -2.270051 ], [ -44.623225, -2.267346 ], [ -44.617438, -2.260839 ], [ -44.616099, -2.25797 ], [ -44.613131, -2.257438 ], [ -44.608502, -2.253414 ], [ -44.60359, -2.25249 ], [ -44.602456, -2.251075 ], [ -44.598641, -2.251009 ], [ -44.596068, -2.245389 ], [ -44.593927, -2.24428 ], [ -44.590217, -2.243688 ], [ -44.588391, -2.241444 ], [ -44.58673, -2.233734 ], [ -44.588584, -2.22972 ], [ -44.588214, -2.228608 ], [ -44.58643, -2.228047 ], [ -44.582581, -2.22891 ], [ -44.581306, -2.227049 ], [ -44.57933, -2.226999 ], [ -44.579262, -2.226181 ], [ -44.562303, -2.210383 ], [ -44.560657, -2.209918 ], [ -44.560471, -2.204965 ], [ -44.558455, -2.201237 ], [ -44.552622, -2.201907 ], [ -44.55166, -2.2011 ], [ -44.550565, -2.197915 ], [ -44.547632, -2.197802 ], [ -44.546358, -2.194752 ], [ -44.543589, -2.196051 ], [ -44.542963, -2.195558 ], [ -44.539997, -2.18901 ], [ -44.538758, -2.188862 ], [ -44.53963, -2.185099 ], [ -44.541506, -2.182439 ], [ -44.535306, -2.179312 ], [ -44.534769, -2.176326 ], [ -44.53101, -2.174301 ], [ -44.531304, -2.172856 ], [ -44.532257, -2.172349 ], [ -44.531362, -2.170167 ], [ -44.530245, -2.169956 ], [ -44.530558, -2.168659 ], [ -44.52937, -2.168696 ], [ -44.529501, -2.167565 ], [ -44.52725, -2.166456 ], [ -44.530559, -2.163453 ], [ -44.530359, -2.16244 ], [ -44.528869, -2.161359 ], [ -44.530136, -2.159864 ], [ -44.519899, -2.154738 ], [ -44.503567, -2.152208 ], [ -44.501879, -2.151566 ], [ -44.501241, -2.149968 ], [ -44.498813, -2.148721 ], [ -44.492035, -2.148043 ], [ -44.485482, -2.14604 ], [ -44.479264, -2.150169 ], [ -44.476308, -2.151525 ], [ -44.472586, -2.15206 ], [ -44.470878, -2.151127 ], [ -44.468656, -2.151067 ], [ -44.468161, -2.149979 ], [ -44.469333, -2.1495 ], [ -44.469329, -2.148538 ], [ -44.464178, -2.146709 ], [ -44.463778, -2.144298 ], [ -44.457608, -2.150902 ], [ -44.451062, -2.15313 ], [ -44.435365, -2.165885 ], [ -44.432876, -2.166349 ], [ -44.427657, -2.175455 ], [ -44.423877, -2.180408 ], [ -44.421178, -2.182583 ], [ -44.419959, -2.187715 ], [ -44.412905, -2.198624 ], [ -44.407395, -2.205565 ], [ -44.398463, -2.214386 ], [ -44.398821, -2.215694 ], [ -44.404286, -2.218758 ], [ -44.403286, -2.221759 ], [ -44.401383, -2.221148 ], [ -44.398362, -2.222762 ], [ -44.395773, -2.223108 ], [ -44.392039, -2.242548 ], [ -44.389653, -2.249587 ], [ -44.38981, -2.251343 ], [ -44.384478, -2.267658 ], [ -44.385443, -2.273382 ], [ -44.390552, -2.274756 ], [ -44.391164, -2.275735 ], [ -44.389891, -2.276579 ], [ -44.388686, -2.276089 ], [ -44.383789, -2.276664 ], [ -44.381168, -2.278569 ], [ -44.378264, -2.279511 ], [ -44.377048, -2.281493 ], [ -44.363776, -2.312155 ], [ -44.360653, -2.325145 ], [ -44.361532, -2.33 ], [ -44.359926, -2.330578 ], [ -44.359177, -2.33168 ], [ -44.357808, -2.339571 ], [ -44.358007, -2.340518 ], [ -44.360083, -2.340673 ], [ -44.361329, -2.341845 ], [ -44.364766, -2.347216 ], [ -44.370367, -2.350009 ], [ -44.374228, -2.355957 ], [ -44.375932, -2.356634 ], [ -44.379539, -2.355488 ], [ -44.380065, -2.359281 ], [ -44.376875, -2.3617 ], [ -44.376004, -2.365391 ], [ -44.373905, -2.366934 ], [ -44.372358, -2.380738 ], [ -44.373706, -2.382595 ], [ -44.375248, -2.390311 ], [ -44.378848, -2.3924 ], [ -44.383222, -2.402226 ], [ -44.38572, -2.404613 ], [ -44.386501, -2.407614 ], [ -44.387976, -2.408887 ], [ -44.393004, -2.410065 ], [ -44.406851, -2.418354 ], [ -44.407825, -2.418339 ], [ -44.408448, -2.417357 ], [ -44.404968, -2.415615 ], [ -44.403535, -2.411592 ], [ -44.404651, -2.411331 ], [ -44.406344, -2.412414 ], [ -44.407643, -2.411373 ], [ -44.406998, -2.409532 ], [ -44.407999, -2.409021 ], [ -44.41188, -2.41026 ], [ -44.412178, -2.412165 ], [ -44.413235, -2.412958 ], [ -44.414443, -2.412696 ], [ -44.415593, -2.410867 ], [ -44.417424, -2.411041 ], [ -44.420493, -2.409487 ], [ -44.422228, -2.409793 ], [ -44.42416, -2.408092 ], [ -44.426713, -2.408079 ], [ -44.426918, -2.409285 ], [ -44.431018, -2.408943 ], [ -44.432584, -2.407818 ], [ -44.435383, -2.408883 ], [ -44.437561, -2.408183 ], [ -44.439594, -2.41069 ], [ -44.440286, -2.413377 ], [ -44.439676, -2.414584 ], [ -44.440653, -2.415734 ], [ -44.442369, -2.413859 ], [ -44.445352, -2.414031 ], [ -44.44669, -2.411814 ], [ -44.447606, -2.411516 ], [ -44.449551, -2.412306 ], [ -44.45426, -2.412252 ], [ -44.454839, -2.413013 ], [ -44.457398, -2.411267 ], [ -44.458796, -2.411999 ], [ -44.460822, -2.410237 ], [ -44.466386, -2.410553 ], [ -44.46828, -2.413335 ], [ -44.470353, -2.412562 ], [ -44.473942, -2.412846 ], [ -44.477889, -2.411201 ], [ -44.483066, -2.413289 ], [ -44.48843, -2.416652 ], [ -44.494098, -2.421098 ], [ -44.498447, -2.425881 ], [ -44.500023, -2.428676 ], [ -44.499681, -2.431717 ], [ -44.499022, -2.433271 ], [ -44.49678, -2.43526 ], [ -44.472662, -2.428063 ], [ -44.470497, -2.430163 ], [ -44.466142, -2.432008 ], [ -44.458165, -2.434094 ], [ -44.449031, -2.439375 ], [ -44.446419, -2.441607 ], [ -44.446625, -2.443203 ], [ -44.444925, -2.444574 ], [ -44.442596, -2.450466 ], [ -44.44332, -2.452604 ], [ -44.445225, -2.454408 ], [ -44.443495, -2.455212 ], [ -44.442941, -2.457516 ], [ -44.460372, -2.480748 ], [ -44.46095, -2.476849 ], [ -44.464867, -2.476269 ], [ -44.467848, -2.477283 ], [ -44.47175, -2.479856 ], [ -44.475997, -2.485048 ], [ -44.47757, -2.487846 ], [ -44.482689, -2.503631 ], [ -44.48589, -2.51058 ], [ -44.487268, -2.516499 ], [ -44.490226, -2.521728 ], [ -44.496733, -2.521977 ], [ -44.504457, -2.530419 ], [ -44.505861, -2.53025 ], [ -44.508657, -2.533697 ], [ -44.512187, -2.535187 ], [ -44.51414, -2.534373 ], [ -44.516103, -2.531233 ], [ -44.523547, -2.525663 ], [ -44.53118, -2.525539 ], [ -44.534582, -2.527683 ], [ -44.537216, -2.537349 ], [ -44.537024, -2.544729 ], [ -44.537657, -2.547767 ], [ -44.541353, -2.559021 ], [ -44.546653, -2.57073 ], [ -44.550768, -2.586921 ], [ -44.555594, -2.597005 ], [ -44.557253, -2.604222 ], [ -44.563929, -2.611083 ], [ -44.571684, -2.623196 ], [ -44.584755, -2.657153 ], [ -44.585752, -2.658946 ], [ -44.595892, -2.663977 ], [ -44.603651, -2.678196 ], [ -44.604578, -2.684759 ], [ -44.606588, -2.689584 ], [ -44.612006, -2.692315 ], [ -44.614922, -2.694974 ], [ -44.61832, -2.694933 ], [ -44.618318, -2.695815 ], [ -44.621835, -2.697852 ], [ -44.623177, -2.699815 ], [ -44.626555, -2.702094 ], [ -44.626974, -2.703418 ], [ -44.626218, -2.707295 ], [ -44.626729, -2.709645 ], [ -44.623327, -2.724917 ], [ -44.623806, -2.738932 ], [ -44.635499, -2.765962 ], [ -44.637599, -2.767636 ], [ -44.639744, -2.773266 ], [ -44.644155, -2.778689 ], [ -44.645446, -2.781507 ], [ -44.646653, -2.789943 ], [ -44.648625, -2.795838 ], [ -44.648416, -2.803656 ], [ -44.649879, -2.804663 ], [ -44.651607, -2.807456 ], [ -44.649783, -2.811905 ], [ -44.643621, -2.822395 ], [ -44.639149, -2.833378 ], [ -44.63496, -2.839676 ], [ -44.632621, -2.845897 ], [ -44.633224, -2.857436 ], [ -44.646481, -2.884689 ], [ -44.650676, -2.891468 ], [ -44.654412, -2.895293 ], [ -44.670209, -2.904125 ], [ -44.67571, -2.909972 ], [ -44.679208, -2.917047 ], [ -44.680805, -2.928908 ], [ -44.681033, -2.94011 ], [ -44.676562, -2.958291 ], [ -44.679116, -2.971458 ], [ -44.679509, -2.977375 ], [ -44.676356, -2.993214 ], [ -44.671534, -3.004521 ], [ -44.665508, -3.010878 ], [ -44.658216, -3.015377 ], [ -44.642179, -3.021887 ], [ -44.627084, -3.025209 ], [ -44.617653, -3.028619 ], [ -44.604015, -3.037769 ], [ -44.597154, -3.040048 ], [ -44.57387, -3.044391 ], [ -44.562749, -3.045214 ], [ -44.549755, -3.045204 ], [ -44.532499, -3.04405 ], [ -44.519205, -3.038956 ], [ -44.496117, -3.026581 ], [ -44.463313, -2.997184 ], [ -44.453741, -2.987278 ], [ -44.448855, -2.980958 ], [ -44.439236, -2.965401 ], [ -44.436853, -2.962929 ], [ -44.433216, -2.955866 ], [ -44.424818, -2.943934 ], [ -44.421496, -2.934494 ], [ -44.412983, -2.914773 ], [ -44.408634, -2.901187 ], [ -44.407025, -2.893995 ], [ -44.407435, -2.892354 ], [ -44.406213, -2.882178 ], [ -44.407755, -2.85793 ], [ -44.407464, -2.835839 ], [ -44.409047, -2.826925 ], [ -44.408968, -2.819948 ], [ -44.410448, -2.811412 ], [ -44.409334, -2.804584 ], [ -44.410287, -2.801454 ], [ -44.409169, -2.792483 ], [ -44.405912, -2.786946 ], [ -44.403057, -2.769546 ], [ -44.402433, -2.769012 ], [ -44.40223, -2.769558 ], [ -44.400597, -2.769287 ], [ -44.399419, -2.768199 ], [ -44.399429, -2.766956 ], [ -44.397844, -2.766381 ], [ -44.397621, -2.76378 ], [ -44.388668, -2.753767 ], [ -44.38627, -2.748659 ], [ -44.385618, -2.734961 ], [ -44.387535, -2.727827 ], [ -44.390538, -2.721083 ], [ -44.391706, -2.720538 ], [ -44.389122, -2.716562 ], [ -44.387869, -2.712461 ], [ -44.387783, -2.709941 ], [ -44.384657, -2.698812 ], [ -44.385336, -2.696914 ], [ -44.380979, -2.689812 ], [ -44.379217, -2.684167 ], [ -44.37887, -2.678228 ], [ -44.380389, -2.67292 ], [ -44.380429, -2.668178 ], [ -44.372249, -2.661295 ], [ -44.369101, -2.654575 ], [ -44.368173, -2.654061 ], [ -44.367728, -2.642336 ], [ -44.366577, -2.640872 ], [ -44.360343, -2.620682 ], [ -44.36017, -2.616529 ], [ -44.357785, -2.612693 ], [ -44.356871, -2.605502 ], [ -44.356505, -2.604509 ], [ -44.354092, -2.603197 ], [ -44.356083, -2.598028 ], [ -44.357973, -2.595692 ], [ -44.360673, -2.587832 ], [ -44.363623, -2.583481 ], [ -44.364128, -2.580945 ], [ -44.369039, -2.58197 ], [ -44.369852, -2.577056 ], [ -44.369066, -2.575717 ], [ -44.370049, -2.574463 ], [ -44.370678, -2.571459 ], [ -44.373844, -2.569416 ], [ -44.375175, -2.569521 ], [ -44.375298, -2.568766 ], [ -44.377724, -2.568496 ], [ -44.37774, -2.56576 ], [ -44.376977, -2.564157 ], [ -44.374193, -2.563296 ], [ -44.37313, -2.561437 ], [ -44.371303, -2.562349 ], [ -44.365675, -2.560639 ], [ -44.36602, -2.55918 ], [ -44.363583, -2.559041 ], [ -44.357943, -2.554269 ], [ -44.354916, -2.548542 ], [ -44.355105, -2.545218 ], [ -44.356987, -2.540911 ], [ -44.35681, -2.539435 ], [ -44.354666, -2.537603 ], [ -44.355953, -2.532763 ], [ -44.349425, -2.530687 ], [ -44.348592, -2.529678 ], [ -44.349353, -2.528294 ], [ -44.348926, -2.526942 ], [ -44.346865, -2.526825 ], [ -44.344781, -2.529544 ], [ -44.340618, -2.530495 ], [ -44.335011, -2.529779 ], [ -44.332912, -2.527883 ], [ -44.324852, -2.528077 ], [ -44.320835, -2.527183 ], [ -44.319912, -2.53486 ], [ -44.318776, -2.536104 ], [ -44.317591, -2.540369 ], [ -44.311992, -2.540545 ], [ -44.309331, -2.538935 ], [ -44.307597, -2.535221 ], [ -44.308227, -2.531154 ], [ -44.307471, -2.529943 ], [ -44.308158, -2.528676 ], [ -44.307055, -2.526324 ], [ -44.307008, -2.517424 ], [ -44.311115, -2.50885 ], [ -44.311551, -2.505253 ], [ -44.31307, -2.504899 ], [ -44.316753, -2.507091 ], [ -44.317201, -2.506345 ], [ -44.319709, -2.50612 ], [ -44.318804, -2.504388 ], [ -44.320324, -2.502851 ], [ -44.307697, -2.495333 ], [ -44.306777, -2.491463 ], [ -44.304569, -2.487506 ], [ -44.299844, -2.486185 ], [ -44.290894, -2.487148 ], [ -44.27324, -2.486571 ], [ -44.268695, -2.485352 ], [ -44.26247, -2.48138 ], [ -44.256487, -2.480821 ], [ -44.247891, -2.481305 ], [ -44.244154, -2.480564 ], [ -44.242254, -2.479218 ], [ -44.225926, -2.476952 ], [ -44.221722, -2.475325 ], [ -44.217986, -2.471242 ], [ -44.214007, -2.470736 ], [ -44.20594, -2.467794 ], [ -44.203154, -2.464532 ], [ -44.187219, -2.462202 ], [ -44.174407, -2.458378 ], [ -44.158728, -2.445695 ], [ -44.15616, -2.441639 ], [ -44.155619, -2.437531 ], [ -44.151954, -2.434349 ], [ -44.136656, -2.429811 ], [ -44.094603, -2.406604 ], [ -44.082659, -2.404529 ], [ -44.064857, -2.403342 ], [ -44.03848, -2.406427 ], [ -44.032801, -2.406143 ], [ -44.030837, -2.407015 ], [ -44.023221, -2.432081 ], [ -44.022728, -2.443669 ], [ -44.023828, -2.448725 ], [ -44.026525, -2.451295 ], [ -44.029121, -2.451508 ], [ -44.032134, -2.450555 ], [ -44.037573, -2.450743 ], [ -44.0435, -2.452136 ], [ -44.045771, -2.453521 ], [ -44.047773, -2.455662 ], [ -44.050483, -2.460923 ], [ -44.052653, -2.468808 ], [ -44.052516, -2.470319 ], [ -44.049568, -2.474561 ], [ -44.027338, -2.50064 ], [ -44.02386, -2.508293 ], [ -44.024191, -2.51313 ], [ -44.026028, -2.515117 ], [ -44.027788, -2.51925 ], [ -44.027223, -2.529645 ], [ -44.030512, -2.530609 ], [ -44.03136, -2.531798 ], [ -44.033288, -2.532592 ], [ -44.034059, -2.533998 ], [ -44.034017, -2.549903 ], [ -44.036063, -2.556544 ], [ -44.038193, -2.557528 ], [ -44.040282, -2.557512 ], [ -44.043485, -2.554391 ], [ -44.049031, -2.554634 ], [ -44.05269, -2.556566 ], [ -44.053799, -2.562467 ], [ -44.053239, -2.564194 ], [ -44.053769, -2.564739 ], [ -44.056613, -2.563874 ], [ -44.058222, -2.561931 ], [ -44.063196, -2.559557 ], [ -44.070998, -2.559266 ], [ -44.07324, -2.560929 ], [ -44.080143, -2.563534 ], [ -44.081451, -2.562551 ], [ -44.083782, -2.568725 ], [ -44.085261, -2.570697 ], [ -44.092812, -2.574744 ], [ -44.093523, -2.580796 ], [ -44.092409, -2.588871 ], [ -44.093738, -2.591172 ], [ -44.09831, -2.593235 ], [ -44.101104, -2.595517 ], [ -44.105665, -2.603373 ], [ -44.104639, -2.608391 ], [ -44.106576, -2.608916 ], [ -44.106332, -2.61358 ], [ -44.107889, -2.615315 ], [ -44.10794, -2.616514 ], [ -44.107225, -2.620392 ], [ -44.107583, -2.622203 ], [ -44.105693, -2.629245 ], [ -44.10902, -2.630334 ], [ -44.113467, -2.633738 ], [ -44.113539, -2.636461 ], [ -44.115261, -2.637947 ], [ -44.115978, -2.642003 ], [ -44.118129, -2.642828 ], [ -44.119743, -2.646338 ], [ -44.125565, -2.647741 ], [ -44.125077, -2.649643 ], [ -44.12303, -2.650402 ], [ -44.12406, -2.65419 ], [ -44.125157, -2.654957 ], [ -44.129435, -2.655099 ], [ -44.131791, -2.656322 ], [ -44.133986, -2.663228 ], [ -44.132399, -2.666894 ], [ -44.135105, -2.667963 ], [ -44.1351, -2.672058 ], [ -44.13682, -2.673446 ], [ -44.136938, -2.679879 ], [ -44.137587, -2.681636 ], [ -44.146601, -2.682671 ], [ -44.147338, -2.6832 ], [ -44.146589, -2.684554 ], [ -44.146967, -2.68506 ], [ -44.14925, -2.68417 ], [ -44.153327, -2.684828 ], [ -44.159242, -2.689984 ], [ -44.162502, -2.696838 ], [ -44.164783, -2.699589 ], [ -44.169935, -2.699916 ], [ -44.172669, -2.701979 ], [ -44.176618, -2.702101 ], [ -44.183291, -2.704799 ], [ -44.19231, -2.704451 ], [ -44.194616, -2.705144 ], [ -44.199031, -2.708231 ], [ -44.200502, -2.712579 ], [ -44.203343, -2.714272 ], [ -44.204493, -2.717284 ], [ -44.206739, -2.717526 ], [ -44.208587, -2.718866 ], [ -44.213408, -2.720273 ], [ -44.214636, -2.721411 ], [ -44.214555, -2.722756 ], [ -44.219475, -2.723721 ], [ -44.222259, -2.726325 ], [ -44.228194, -2.724863 ], [ -44.235293, -2.724912 ], [ -44.240804, -2.726187 ], [ -44.249572, -2.730322 ], [ -44.259958, -2.744428 ], [ -44.266039, -2.757982 ], [ -44.265471, -2.76304 ], [ -44.263172, -2.771542 ], [ -44.26088, -2.774716 ], [ -44.256661, -2.778343 ], [ -44.254028, -2.779357 ], [ -44.24773, -2.780516 ], [ -44.241435, -2.780508 ], [ -44.238392, -2.779624 ], [ -44.234852, -2.775559 ], [ -44.227336, -2.772231 ], [ -44.221582, -2.771558 ], [ -44.219713, -2.770408 ], [ -44.217828, -2.771789 ], [ -44.214424, -2.77197 ], [ -44.211151, -2.768841 ], [ -44.207971, -2.767766 ], [ -44.203835, -2.766889 ], [ -44.202594, -2.76776 ], [ -44.191675, -2.764571 ], [ -44.185286, -2.764193 ], [ -44.179623, -2.766557 ], [ -44.158875, -2.768526 ], [ -44.147477, -2.768079 ], [ -44.136404, -2.766445 ], [ -44.129737, -2.764392 ], [ -44.125661, -2.759629 ], [ -44.122419, -2.758424 ], [ -44.117004, -2.751295 ], [ -44.115815, -2.748615 ], [ -44.110865, -2.747239 ], [ -44.108743, -2.7487 ], [ -44.106012, -2.748865 ], [ -44.105375, -2.747916 ], [ -44.104412, -2.747992 ], [ -44.098862, -2.751957 ], [ -44.094913, -2.75325 ], [ -44.084761, -2.74889 ], [ -44.077571, -2.742621 ], [ -44.072417, -2.734664 ], [ -44.070303, -2.7328 ], [ -44.067598, -2.727642 ], [ -44.067605, -2.723006 ], [ -44.064853, -2.720004 ], [ -44.06011, -2.71895 ], [ -44.058466, -2.715797 ], [ -44.054249, -2.711301 ], [ -44.050193, -2.697325 ], [ -44.044746, -2.690752 ], [ -44.043884, -2.686416 ], [ -44.041778, -2.68307 ], [ -44.037695, -2.67848 ], [ -44.031131, -2.673394 ], [ -44.029152, -2.670172 ], [ -44.027918, -2.666213 ], [ -44.027675, -2.662747 ], [ -44.0283, -2.660593 ], [ -44.026047, -2.65653 ], [ -44.022575, -2.652607 ], [ -44.013845, -2.650336 ], [ -44.009803, -2.647334 ], [ -44.003944, -2.638152 ], [ -43.988741, -2.633765 ], [ -43.981495, -2.630431 ], [ -43.973695, -2.62577 ], [ -43.956544, -2.621532 ], [ -43.953991, -2.617771 ], [ -43.953865, -2.605301 ], [ -43.951016, -2.598083 ], [ -43.940863, -2.578017 ], [ -43.933003, -2.567895 ], [ -43.931219, -2.561622 ], [ -43.924505, -2.557134 ], [ -43.919384, -2.554964 ], [ -43.915894, -2.554427 ], [ -43.909751, -2.554654 ], [ -43.90213, -2.558187 ], [ -43.896456, -2.557587 ], [ -43.89368, -2.556461 ], [ -43.891673, -2.554923 ], [ -43.890321, -2.550256 ], [ -43.892462, -2.540937 ], [ -43.891166, -2.535444 ], [ -43.888299, -2.532607 ], [ -43.879148, -2.526456 ], [ -43.878115, -2.521646 ], [ -43.876323, -2.518305 ], [ -43.872284, -2.515838 ], [ -43.864133, -2.516615 ], [ -43.859924, -2.515743 ], [ -43.855221, -2.514251 ], [ -43.85015, -2.510037 ], [ -43.848421, -2.507313 ], [ -43.84682, -2.501868 ], [ -43.845037, -2.475657 ], [ -43.842547, -2.461671 ], [ -43.842159, -2.448654 ], [ -43.841272, -2.446578 ], [ -43.836603, -2.445315 ], [ -43.832271, -2.441898 ], [ -43.831494, -2.440157 ], [ -43.831831, -2.438045 ], [ -43.83462, -2.432159 ], [ -43.838147, -2.429905 ], [ -43.839842, -2.42631 ], [ -43.83988, -2.420032 ], [ -43.838113, -2.416656 ], [ -43.831188, -2.410619 ], [ -43.822447, -2.405166 ], [ -43.814048, -2.397157 ], [ -43.805765, -2.392217 ], [ -43.800464, -2.390251 ], [ -43.796432, -2.393062 ], [ -43.7916, -2.394083 ], [ -43.794745, -2.397307 ], [ -43.797866, -2.399036 ], [ -43.79857, -2.40253 ], [ -43.800808, -2.405668 ], [ -43.801304, -2.409081 ], [ -43.799612, -2.413001 ], [ -43.799569, -2.416365 ], [ -43.800851, -2.419703 ], [ -43.80325, -2.421465 ], [ -43.805739, -2.425107 ], [ -43.807451, -2.42939 ], [ -43.809551, -2.431228 ], [ -43.810042, -2.43604 ], [ -43.808417, -2.438397 ], [ -43.802998, -2.440065 ], [ -43.798398, -2.439598 ], [ -43.780169, -2.428276 ], [ -43.759963, -2.417388 ], [ -43.758846, -2.4161 ], [ -43.758957, -2.409369 ], [ -43.757247, -2.406838 ], [ -43.749849, -2.402816 ], [ -43.747021, -2.399237 ], [ -43.746829, -2.397914 ], [ -43.744573, -2.396666 ], [ -43.734131, -2.393613 ], [ -43.7268, -2.386468 ], [ -43.725159, -2.379334 ], [ -43.725177, -2.367992 ], [ -43.728118, -2.360477 ], [ -43.729774, -2.35844 ], [ -43.731822, -2.356279 ], [ -43.738722, -2.351959 ], [ -43.739594, -2.35035 ], [ -43.734411, -2.342399 ], [ -43.727357, -2.333774 ], [ -43.724616, -2.329298 ], [ -43.721863, -2.322054 ], [ -43.721698, -2.31723 ], [ -43.72361, -2.308449 ], [ -43.720359, -2.29139 ], [ -43.71812, -2.288802 ], [ -43.696242, -2.27671 ], [ -43.686077, -2.273077 ], [ -43.669712, -2.269088 ], [ -43.644398, -2.257851 ], [ -43.63734, -2.253362 ], [ -43.633044, -2.251923 ], [ -43.62721, -2.251234 ], [ -43.611754, -2.25277 ], [ -43.608495, -2.255549 ], [ -43.604086, -2.257692 ], [ -43.602383, -2.260532 ], [ -43.602173, -2.270902 ], [ -43.60008, -2.275024 ], [ -43.594321, -2.282711 ], [ -43.593561, -2.287231 ], [ -43.597327, -2.291973 ], [ -43.599476, -2.292942 ], [ -43.606105, -2.292387 ], [ -43.612243, -2.293228 ], [ -43.615969, -2.294725 ], [ -43.620657, -2.298328 ], [ -43.623588, -2.303111 ], [ -43.625465, -2.308593 ], [ -43.62513, -2.313033 ], [ -43.626217, -2.315799 ], [ -43.626294, -2.318448 ], [ -43.629646, -2.324343 ], [ -43.63059, -2.327388 ], [ -43.629993, -2.329402 ], [ -43.627893, -2.330388 ], [ -43.627176, -2.332838 ], [ -43.628451, -2.344424 ], [ -43.628831, -2.358263 ], [ -43.634766, -2.377599 ], [ -43.638937, -2.383643 ], [ -43.639047, -2.385245 ], [ -43.637776, -2.388458 ], [ -43.638212, -2.389653 ], [ -43.643857, -2.395413 ], [ -43.645207, -2.402716 ], [ -43.646365, -2.403477 ], [ -43.650129, -2.40388 ], [ -43.656105, -2.400781 ], [ -43.662338, -2.403007 ], [ -43.668672, -2.400827 ], [ -43.675985, -2.399964 ], [ -43.686224, -2.39731 ], [ -43.687587, -2.397653 ], [ -43.688364, -2.398432 ], [ -43.688935, -2.405143 ], [ -43.692396, -2.408866 ], [ -43.694549, -2.410038 ], [ -43.698738, -2.41054 ], [ -43.703222, -2.414173 ], [ -43.708308, -2.425498 ], [ -43.710462, -2.427164 ], [ -43.714406, -2.426801 ], [ -43.725271, -2.42404 ], [ -43.727847, -2.423989 ], [ -43.732141, -2.425524 ], [ -43.739872, -2.432166 ], [ -43.743106, -2.4388 ], [ -43.74669, -2.443779 ], [ -43.749726, -2.450421 ], [ -43.75491, -2.4543 ], [ -43.757664, -2.461976 ], [ -43.760094, -2.465873 ], [ -43.768122, -2.47013 ], [ -43.772987, -2.471101 ], [ -43.775925, -2.4727 ], [ -43.777512, -2.477193 ], [ -43.776755, -2.483356 ], [ -43.772547, -2.487043 ], [ -43.767824, -2.493908 ], [ -43.765062, -2.494938 ], [ -43.761267, -2.495046 ], [ -43.746608, -2.493586 ], [ -43.744311, -2.492089 ], [ -43.7331, -2.479491 ], [ -43.722882, -2.474688 ], [ -43.716957, -2.475884 ], [ -43.715554, -2.476636 ], [ -43.713118, -2.479811 ], [ -43.710902, -2.486528 ], [ -43.709659, -2.487388 ], [ -43.706267, -2.486684 ], [ -43.700357, -2.482476 ], [ -43.697933, -2.48285 ], [ -43.695453, -2.484349 ], [ -43.695825, -2.487848 ], [ -43.698156, -2.492062 ], [ -43.701702, -2.504714 ], [ -43.703252, -2.507373 ], [ -43.70315, -2.50903 ], [ -43.701238, -2.512941 ], [ -43.698822, -2.514692 ], [ -43.696863, -2.51489 ], [ -43.694788, -2.519118 ], [ -43.692511, -2.520543 ], [ -43.687641, -2.518587 ], [ -43.680348, -2.512212 ], [ -43.67004, -2.494629 ], [ -43.664064, -2.487946 ], [ -43.656197, -2.483338 ], [ -43.651599, -2.481822 ], [ -43.64914, -2.483076 ], [ -43.647372, -2.485904 ], [ -43.64743, -2.488673 ], [ -43.649506, -2.490187 ], [ -43.650008, -2.491384 ], [ -43.650069, -2.492832 ], [ -43.647984, -2.495975 ], [ -43.645463, -2.496538 ], [ -43.633948, -2.502559 ], [ -43.631482, -2.504557 ], [ -43.628208, -2.509068 ], [ -43.626201, -2.510207 ], [ -43.621966, -2.510199 ], [ -43.617504, -2.509165 ], [ -43.612528, -2.506525 ], [ -43.610935, -2.500859 ], [ -43.610136, -2.499828 ], [ -43.606334, -2.498485 ], [ -43.605687, -2.493278 ], [ -43.603748, -2.488998 ], [ -43.602359, -2.487043 ], [ -43.592972, -2.480146 ], [ -43.589354, -2.474838 ], [ -43.589081, -2.470931 ], [ -43.586858, -2.465347 ], [ -43.583514, -2.460417 ], [ -43.581651, -2.458753 ], [ -43.579794, -2.458643 ], [ -43.577373, -2.459565 ], [ -43.575508, -2.461514 ], [ -43.573079, -2.46681 ], [ -43.569909, -2.470162 ], [ -43.571759, -2.476295 ], [ -43.57433, -2.480318 ], [ -43.580959, -2.485208 ], [ -43.585279, -2.487226 ], [ -43.588142, -2.487593 ], [ -43.592217, -2.490461 ], [ -43.598844, -2.499354 ], [ -43.598476, -2.502213 ], [ -43.597006, -2.504646 ], [ -43.580551, -2.507051 ], [ -43.578606, -2.506135 ], [ -43.576125, -2.498584 ], [ -43.574272, -2.496286 ], [ -43.569933, -2.494508 ], [ -43.567278, -2.492467 ], [ -43.558088, -2.479887 ], [ -43.555158, -2.471145 ], [ -43.554002, -2.460669 ], [ -43.554812, -2.455718 ], [ -43.554675, -2.447532 ], [ -43.552768, -2.443301 ], [ -43.546108, -2.437033 ], [ -43.542754, -2.43234 ], [ -43.539708, -2.424284 ], [ -43.53745, -2.42191 ], [ -43.532452, -2.419507 ], [ -43.528455, -2.418721 ], [ -43.524144, -2.418952 ], [ -43.518113, -2.422494 ], [ -43.516076, -2.424519 ], [ -43.514114, -2.431639 ], [ -43.514478, -2.435031 ], [ -43.511658, -2.437738 ], [ -43.511407, -2.441321 ], [ -43.512961, -2.443952 ], [ -43.51706, -2.446655 ], [ -43.520963, -2.454667 ], [ -43.520754, -2.456717 ], [ -43.51747, -2.463079 ], [ -43.512665, -2.467026 ], [ -43.509707, -2.474954 ], [ -43.508678, -2.476115 ], [ -43.507033, -2.477549 ], [ -43.489159, -2.480526 ], [ -43.48511, -2.484885 ], [ -43.479265, -2.486907 ], [ -43.469617, -2.488039 ], [ -43.461479, -2.486344 ], [ -43.456617, -2.482623 ], [ -43.453846, -2.472481 ], [ -43.454354, -2.458292 ], [ -43.456581, -2.45119 ], [ -43.456123, -2.448329 ], [ -43.45264, -2.445164 ], [ -43.452095, -2.442601 ], [ -43.456196, -2.437517 ], [ -43.459824, -2.43121 ], [ -43.467533, -2.413322 ], [ -43.483324, -2.385339 ], [ -43.484104, -2.383499 ], [ -43.484211, -2.378169 ], [ -43.483249, -2.373321 ], [ -43.481316, -2.369925 ], [ -43.478508, -2.366916 ], [ -43.472696, -2.362835 ], [ -43.462249, -2.357354 ], [ -43.460675, -2.352517 ], [ -43.460969, -2.350624 ], [ -43.446184, -2.346327 ], [ -43.44187, -2.343136 ], [ -43.441427, -2.341698 ], [ -43.434143, -2.342511 ], [ -43.429919, -2.344958 ], [ -43.428545, -2.342596 ], [ -43.416483, -2.340523 ], [ -43.410277, -2.337874 ], [ -43.407905, -2.335942 ], [ -43.40542, -2.3355 ], [ -43.400681, -2.335692 ], [ -43.390283, -2.338488 ], [ -43.385219, -2.345556 ], [ -43.379053, -2.34364 ], [ -43.377524, -2.341294 ], [ -43.37395, -2.339422 ], [ -43.341428, -2.340112 ], [ -43.334, -2.338532 ], [ -43.330485, -2.336659 ], [ -43.3275, -2.336562 ], [ -43.311603, -2.338657 ], [ -43.291927, -2.343105 ], [ -43.275067, -2.348782 ], [ -43.237413, -2.35869 ], [ -43.228579, -2.362945 ], [ -43.200872, -2.372947 ], [ -43.171895, -2.386687 ], [ -43.153889, -2.396734 ], [ -43.121724, -2.410917 ], [ -43.11088, -2.41311 ], [ -43.104727, -2.415681 ], [ -43.054906, -2.44014 ], [ -43.029541, -2.450078 ], [ -43.008479, -2.459399 ], [ -42.9983, -2.462478 ], [ -42.973433, -2.473816 ], [ -42.963351, -2.475279 ], [ -42.918589, -2.497268 ], [ -42.909413, -2.503337 ], [ -42.896144, -2.510033 ], [ -42.887696, -2.512009 ], [ -42.868051, -2.523396 ], [ -42.851365, -2.53093 ], [ -42.825291, -2.544723 ], [ -42.816384, -2.546245 ], [ -42.813293, -2.547802 ], [ -42.809124, -2.548181 ], [ -42.800233, -2.547386 ], [ -42.77349, -2.547979 ], [ -42.765291, -2.545325 ], [ -42.763197, -2.545455 ], [ -42.760186, -2.547661 ], [ -42.751737, -2.556798 ], [ -42.748981, -2.560733 ], [ -42.742373, -2.559134 ], [ -42.74013, -2.555962 ], [ -42.736764, -2.55395 ], [ -42.732894, -2.553604 ], [ -42.722712, -2.556239 ], [ -42.714594, -2.560399 ], [ -42.702133, -2.568946 ], [ -42.680153, -2.588388 ], [ -42.65766, -2.610865 ], [ -42.642169, -2.624652 ], [ -42.621009, -2.64508 ], [ -42.587355, -2.669004 ], [ -42.573555, -2.675232 ], [ -42.561321, -2.678639 ], [ -42.553347, -2.678893 ], [ -42.535804, -2.681343 ], [ -42.524949, -2.681509 ], [ -42.513952, -2.680222 ], [ -42.504244, -2.678121 ], [ -42.50068, -2.681052 ], [ -42.498694, -2.685447 ], [ -42.497217, -2.697107 ], [ -42.49386, -2.704929 ], [ -42.486715, -2.703135 ], [ -42.485732, -2.700445 ], [ -42.480205, -2.699246 ], [ -42.475541, -2.69971 ], [ -42.465202, -2.704919 ], [ -42.450276, -2.708992 ], [ -42.421633, -2.713918 ], [ -42.408597, -2.714 ], [ -42.396734, -2.711761 ], [ -42.393048, -2.712134 ], [ -42.388833, -2.714281 ], [ -42.382816, -2.715483 ], [ -42.374594, -2.715132 ], [ -42.368698, -2.714044 ], [ -42.364639, -2.715639 ], [ -42.361436, -2.729564 ], [ -42.353435, -2.737428 ], [ -42.351417, -2.741052 ], [ -42.345318, -2.745805 ], [ -42.338606, -2.749151 ], [ -42.318505, -2.753234 ], [ -42.307156, -2.75433 ], [ -42.287718, -2.754193 ], [ -42.282373, -2.752824 ], [ -42.277718, -2.752902 ], [ -42.273806, -2.753684 ], [ -42.263556, -2.757904 ], [ -42.252631, -2.738089 ], [ -42.260086, -2.733517 ], [ -42.262729, -2.727861 ], [ -42.260868, -2.720525 ], [ -42.259888, -2.707772 ], [ -42.258398, -2.701431 ], [ -42.259994, -2.690415 ], [ -42.259564, -2.688547 ], [ -42.256074, -2.685164 ], [ -42.255373, -2.683078 ], [ -42.25731, -2.678231 ], [ -42.257552, -2.676531 ], [ -42.256915, -2.675738 ], [ -42.253795, -2.676187 ], [ -42.245009, -2.680022 ], [ -42.239967, -2.683399 ], [ -42.229488, -2.696495 ], [ -42.220201, -2.69079 ], [ -42.21861, -2.688895 ], [ -42.212771, -2.687125 ], [ -42.192809, -2.687955 ], [ -42.159304, -2.692776 ], [ -42.128354, -2.695224 ], [ -42.111879, -2.694915 ], [ -42.098498, -2.693268 ], [ -42.094942, -2.693436 ], [ -42.080832, -2.690507 ], [ -42.076502, -2.688327 ], [ -42.070152, -2.687152 ], [ -42.06671, -2.689385 ], [ -42.057344, -2.69863 ], [ -42.055685, -2.701905 ], [ -42.055069, -2.707617 ], [ -42.043684, -2.72849 ], [ -42.038168, -2.734149 ], [ -42.031351, -2.739621 ], [ -42.016512, -2.737578 ], [ -42.016317, -2.729389 ], [ -42.019635, -2.723106 ], [ -42.020008, -2.716528 ], [ -42.018852, -2.713649 ], [ -42.014016, -2.712644 ], [ -42.009212, -2.713792 ], [ -41.998139, -2.719773 ], [ -41.993763, -2.721361 ], [ -41.98379, -2.723178 ], [ -41.977801, -2.722739 ], [ -41.970362, -2.719422 ], [ -41.960907, -2.718733 ], [ -41.910302, -2.718943 ], [ -41.878638, -2.720331 ], [ -41.865393, -2.721791 ], [ -41.858424, -2.721589 ], [ -41.83407, -2.724042 ], [ -41.816053, -2.727233 ], [ -41.807248, -2.73004 ], [ -41.804349, -2.732388 ], [ -41.80329, -2.734509 ], [ -41.804107, -2.735659 ], [ -41.81456, -2.739572 ], [ -41.824769, -2.746684 ], [ -41.829673, -2.753873 ], [ -41.82601, -2.757267 ], [ -41.830709, -2.761327 ], [ -41.841069, -2.768062 ], [ -41.847519, -2.775579 ], [ -41.848642, -2.783876 ], [ -41.845131, -2.813935 ], [ -41.861103, -2.858693 ], [ -41.863937, -2.86289 ], [ -41.866038, -2.869966 ], [ -41.863447, -2.878121 ], [ -41.849201, -2.892161 ], [ -41.835136, -2.915061 ], [ -41.824601, -2.921989 ], [ -41.806278, -2.938337 ], [ -41.798264, -2.950097 ], [ -41.796069, -2.957505 ], [ -41.796732, -2.960617 ], [ -41.802925, -2.968651 ], [ -41.806824, -2.976459 ], [ -41.81004, -2.980206 ], [ -41.817272, -3.005873 ], [ -41.822845, -3.017942 ], [ -41.837453, -3.028319 ], [ -41.841313, -3.035053 ], [ -41.849278, -3.042421 ], [ -41.864474, -3.05218 ], [ -41.868518, -3.05743 ], [ -41.869079, -3.060284 ], [ -41.872108, -3.066147 ], [ -41.876393, -3.072299 ], [ -41.885388, -3.081603 ], [ -41.895698, -3.093947 ], [ -41.900145, -3.096826 ], [ -41.914608, -3.100534 ], [ -41.921059, -3.106584 ], [ -41.923355, -3.110097 ], [ -41.925359, -3.115074 ], [ -41.924235, -3.130736 ], [ -41.925084, -3.139374 ], [ -41.927118, -3.142592 ], [ -41.932102, -3.147764 ], [ -41.936939, -3.15155 ], [ -41.939969, -3.156936 ], [ -41.940624, -3.163905 ], [ -41.938601, -3.172403 ], [ -41.93606, -3.176745 ], [ -41.934985, -3.18016 ], [ -41.935561, -3.183554 ], [ -41.93722, -3.184088 ], [ -41.940129, -3.18256 ], [ -41.945312, -3.175183 ], [ -41.94698, -3.173893 ], [ -41.951105, -3.174637 ], [ -41.954341, -3.17682 ], [ -41.959026, -3.182941 ], [ -41.97255, -3.19328 ], [ -41.973147, -3.197187 ], [ -41.97217, -3.204066 ], [ -41.972707, -3.206213 ], [ -41.973636, -3.208359 ], [ -41.98165, -3.218995 ], [ -41.989761, -3.226898 ], [ -41.997921, -3.238607 ], [ -42.001928, -3.242217 ], [ -42.012776, -3.248071 ], [ -42.01903, -3.249291 ], [ -42.033347, -3.247144 ], [ -42.04014, -3.246949 ], [ -42.048349, -3.249535 ], [ -42.055287, -3.252901 ], [ -42.061132, -3.257652 ], [ -42.062226, -3.261164 ], [ -42.063207, -3.261986 ], [ -42.068972, -3.264356 ], [ -42.0976, -3.261487 ], [ -42.110121, -3.261693 ], [ -42.123648, -3.266805 ], [ -42.126626, -3.2697 ], [ -42.12912, -3.273342 ], [ -42.130293, -3.278123 ], [ -42.129658, -3.282367 ], [ -42.12509, -3.288645 ], [ -42.123214, -3.289595 ], [ -42.101078, -3.292035 ], [ -42.097154, -3.29387 ], [ -42.09599, -3.299802 ], [ -42.099383, -3.315314 ], [ -42.102597, -3.318368 ], [ -42.114754, -3.313832 ], [ -42.120307, -3.310537 ], [ -42.122314, -3.31071 ], [ -42.125434, -3.313086 ], [ -42.126803, -3.315266 ], [ -42.127586, -3.319828 ], [ -42.122084, -3.330759 ], [ -42.121009, -3.336466 ], [ -42.121986, -3.341442 ], [ -42.12324, -3.344002 ], [ -42.125798, -3.346418 ], [ -42.131222, -3.347344 ], [ -42.135679, -3.346874 ], [ -42.140597, -3.348317 ], [ -42.145682, -3.354415 ], [ -42.146223, -3.356271 ], [ -42.146174, -3.373246 ], [ -42.147786, -3.380417 ], [ -42.150669, -3.386612 ], [ -42.156142, -3.392221 ], [ -42.166003, -3.396278 ], [ -42.185314, -3.393733 ], [ -42.191031, -3.395343 ], [ -42.194744, -3.399392 ], [ -42.199533, -3.423 ], [ -42.199582, -3.427829 ], [ -42.201732, -3.431341 ], [ -42.206736, -3.432319 ], [ -42.214719, -3.428725 ], [ -42.219616, -3.427576 ], [ -42.224649, -3.427341 ], [ -42.23241, -3.42842 ], [ -42.247077, -3.43256 ], [ -42.264717, -3.441242 ], [ -42.29247, -3.4534 ], [ -42.295266, -3.454051 ], [ -42.299527, -3.453217 ], [ -42.301756, -3.452022 ], [ -42.307082, -3.447485 ], [ -42.314454, -3.435982 ], [ -42.316699, -3.43417 ], [ -42.320918, -3.432672 ], [ -42.323794, -3.432511 ], [ -42.331423, -3.433526 ], [ -42.333705, -3.434452 ], [ -42.342264, -3.441193 ], [ -42.344509, -3.44478 ], [ -42.355848, -3.450656 ], [ -42.364253, -3.452509 ], [ -42.370605, -3.453085 ], [ -42.383239, -3.447281 ], [ -42.387466, -3.447515 ], [ -42.388989, -3.449075 ], [ -42.392605, -3.465308 ], [ -42.396112, -3.470653 ], [ -42.399923, -3.47475 ], [ -42.403735, -3.475823 ], [ -42.409957, -3.475307 ], [ -42.411911, -3.47379 ], [ -42.412041, -3.461337 ], [ -42.414094, -3.457728 ], [ -42.418981, -3.453582 ], [ -42.425518, -3.453676 ], [ -42.434226, -3.460216 ], [ -42.448245, -3.478335 ], [ -42.454553, -3.482457 ], [ -42.461256, -3.484603 ], [ -42.470336, -3.483774 ], [ -42.480158, -3.481091 ], [ -42.487326, -3.47711 ], [ -42.488573, -3.473162 ], [ -42.488307, -3.469225 ], [ -42.483178, -3.455875 ], [ -42.482908, -3.450078 ], [ -42.484691, -3.447283 ], [ -42.489559, -3.445155 ], [ -42.494545, -3.44524 ], [ -42.503319, -3.450607 ], [ -42.506011, -3.458128 ], [ -42.507269, -3.470946 ], [ -42.509208, -3.476593 ], [ -42.512003, -3.480037 ], [ -42.515036, -3.482349 ], [ -42.526969, -3.485627 ], [ -42.530969, -3.489086 ], [ -42.532024, -3.495684 ], [ -42.528749, -3.50667 ], [ -42.530243, -3.511428 ], [ -42.534348, -3.517134 ], [ -42.550228, -3.533277 ], [ -42.554015, -3.538072 ], [ -42.558388, -3.546689 ], [ -42.562689, -3.559418 ], [ -42.563861, -3.564929 ], [ -42.565152, -3.567387 ], [ -42.568298, -3.570485 ], [ -42.570898, -3.571708 ], [ -42.583016, -3.574683 ], [ -42.595769, -3.579706 ], [ -42.60134, -3.58312 ], [ -42.610037, -3.585948 ], [ -42.61177, -3.587141 ], [ -42.615706, -3.592532 ], [ -42.616683, -3.610722 ], [ -42.618825, -3.620657 ], [ -42.623475, -3.626669 ], [ -42.640284, -3.635544 ], [ -42.643314, -3.637954 ], [ -42.649617, -3.646614 ], [ -42.65553, -3.652953 ], [ -42.670189, -3.665924 ], [ -42.675075, -3.672654 ], [ -42.683169, -3.69294 ], [ -42.683284, -3.700058 ], [ -42.681818, -3.705032 ], [ -42.670171, -3.727098 ], [ -42.668625, -3.737409 ], [ -42.670677, -3.743943 ], [ -42.681614, -3.757283 ], [ -42.684036, -3.765221 ], [ -42.682796, -3.772321 ], [ -42.679472, -3.77905 ], [ -42.671361, -3.787338 ], [ -42.671459, -3.791629 ], [ -42.675271, -3.796992 ], [ -42.684066, -3.803428 ], [ -42.687426, -3.808296 ], [ -42.690809, -3.819322 ], [ -42.698041, -3.830243 ], [ -42.703025, -3.842432 ], [ -42.714753, -3.863396 ], [ -42.719834, -3.875096 ], [ -42.722668, -3.889234 ], [ -42.723966, -3.904299 ], [ -42.725014, -3.907467 ], [ -42.729879, -3.916305 ], [ -42.739282, -3.927259 ], [ -42.751596, -3.935741 ], [ -42.763323, -3.941494 ], [ -42.773096, -3.947734 ], [ -42.781305, -3.954558 ], [ -42.787559, -3.962943 ], [ -42.78971, -3.970157 ], [ -42.791436, -3.986375 ], [ -42.79263, -3.98971 ], [ -42.795087, -3.993283 ], [ -42.799159, -3.995028 ], [ -42.80135, -3.994905 ], [ -42.809616, -3.992022 ], [ -42.814023, -3.992098 ], [ -42.816585, -3.993165 ], [ -42.822155, -3.9996 ], [ -42.82753, -4.009641 ], [ -42.835251, -4.019292 ], [ -42.841505, -4.029626 ], [ -42.844925, -4.037425 ], [ -42.848835, -4.059456 ], [ -42.855969, -4.07944 ], [ -42.858412, -4.085873 ], [ -42.869748, -4.104102 ], [ -42.877566, -4.10995 ], [ -42.886655, -4.113459 ], [ -42.89908, -4.116412 ], [ -42.901527, -4.118949 ], [ -42.901735, -4.123139 ], [ -42.897503, -4.132759 ], [ -42.887303, -4.147304 ], [ -42.886948, -4.150694 ], [ -42.888491, -4.153543 ], [ -42.890104, -4.15508 ], [ -42.896729, -4.15587 ], [ -42.921473, -4.152763 ], [ -42.923596, -4.153033 ], [ -42.932587, -4.156932 ], [ -42.935842, -4.159123 ], [ -42.938255, -4.161318 ], [ -42.94578, -4.17126 ], [ -42.954478, -4.185686 ], [ -42.978715, -4.207713 ], [ -42.983015, -4.212976 ], [ -42.986435, -4.22048 ], [ -42.987412, -4.228375 ], [ -42.98751, -4.238511 ], [ -42.985946, -4.247867 ], [ -42.985653, -4.270867 ], [ -42.984774, -4.283536 ], [ -42.981451, -4.300103 ], [ -42.979573, -4.304659 ], [ -42.977346, -4.308776 ], [ -42.965326, -4.322127 ], [ -42.963525, -4.327205 ], [ -42.962883, -4.336842 ], [ -42.963762, -4.345904 ], [ -42.964251, -4.369973 ], [ -42.962883, -4.376112 ], [ -42.959071, -4.381569 ], [ -42.956205, -4.384205 ], [ -42.953403, -4.385174 ], [ -42.948614, -4.385467 ], [ -42.936379, -4.382172 ], [ -42.934053, -4.382446 ], [ -42.927212, -4.385174 ], [ -42.918905, -4.390534 ], [ -42.905907, -4.396575 ], [ -42.896623, -4.402226 ], [ -42.88001, -4.415868 ], [ -42.874341, -4.423273 ], [ -42.871085, -4.430021 ], [ -42.872973, -4.436524 ], [ -42.875807, -4.442565 ], [ -42.877664, -4.450165 ], [ -42.878348, -4.45757 ], [ -42.877274, -4.46167 ], [ -42.86697, -4.467846 ], [ -42.853598, -4.474322 ], [ -42.852596, -4.475875 ], [ -42.850398, -4.484461 ], [ -42.850106, -4.498041 ], [ -42.85217, -4.505971 ], [ -42.854405, -4.509402 ], [ -42.872778, -4.53064 ], [ -42.875088, -4.536517 ], [ -42.874849, -4.538784 ], [ -42.869748, -4.550514 ], [ -42.867207, -4.5586 ], [ -42.866523, -4.566296 ], [ -42.872973, -4.581687 ], [ -42.878055, -4.590357 ], [ -42.887144, -4.602534 ], [ -42.893692, -4.612762 ], [ -42.900923, -4.628348 ], [ -42.916169, -4.651433 ], [ -42.923987, -4.658154 ], [ -42.944627, -4.671697 ], [ -42.95096, -4.677245 ], [ -42.952377, -4.679815 ], [ -42.953091, -4.687355 ], [ -42.951783, -4.693068 ], [ -42.949162, -4.699511 ], [ -42.944217, -4.706368 ], [ -42.938939, -4.710264 ], [ -42.926878, -4.717031 ], [ -42.923077, -4.721277 ], [ -42.92086, -4.732081 ], [ -42.920664, -4.738216 ], [ -42.921837, -4.742502 ], [ -42.926235, -4.750683 ], [ -42.934151, -4.755455 ], [ -42.941871, -4.758571 ], [ -42.947344, -4.763343 ], [ -42.949787, -4.769089 ], [ -42.950357, -4.775214 ], [ -42.949905, -4.780796 ], [ -42.94793, -4.788567 ], [ -42.938646, -4.809213 ], [ -42.930339, -4.81788 ], [ -42.903367, -4.835993 ], [ -42.897405, -4.842614 ], [ -42.894571, -4.852547 ], [ -42.893301, -4.862771 ], [ -42.894864, -4.883123 ], [ -42.885639, -4.904605 ], [ -42.879228, -4.910581 ], [ -42.876201, -4.912191 ], [ -42.873462, -4.915255 ], [ -42.868576, -4.926842 ], [ -42.867175, -4.928617 ], [ -42.856396, -4.933452 ], [ -42.853916, -4.93726 ], [ -42.85599, -4.947892 ], [ -42.863201, -4.968124 ], [ -42.857435, -4.992269 ], [ -42.844632, -5.024201 ], [ -42.842482, -5.033644 ], [ -42.84131, -5.055742 ], [ -42.839551, -5.064114 ], [ -42.835395, -5.073968 ], [ -42.82247, -5.089796 ], [ -42.818245, -5.097551 ], [ -42.817269, -5.101737 ], [ -42.815461, -5.12578 ], [ -42.812041, -5.138258 ], [ -42.805395, -5.148605 ], [ -42.801583, -5.173424 ], [ -42.799433, -5.18306 ], [ -42.798994, -5.189678 ], [ -42.799678, -5.195858 ], [ -42.801388, -5.201308 ], [ -42.804369, -5.206564 ], [ -42.808913, -5.213085 ], [ -42.824305, -5.229094 ], [ -42.828165, -5.234787 ], [ -42.829485, -5.239264 ], [ -42.8288, -5.245833 ], [ -42.826993, -5.251283 ], [ -42.826406, -5.256684 ], [ -42.82323, -5.264372 ], [ -42.818295, -5.270989 ], [ -42.812236, -5.282375 ], [ -42.811649, -5.289673 ], [ -42.813506, -5.308357 ], [ -42.815754, -5.318039 ], [ -42.823719, -5.34329 ], [ -42.82531, -5.346363 ], [ -42.835202, -5.355404 ], [ -42.846587, -5.36129 ], [ -42.864569, -5.368734 ], [ -42.866865, -5.371896 ], [ -42.871165, -5.381188 ], [ -42.881014, -5.390054 ], [ -42.886642, -5.391899 ], [ -42.897145, -5.390122 ], [ -42.900246, -5.390216 ], [ -42.904355, -5.391431 ], [ -42.909532, -5.394486 ], [ -42.913119, -5.400802 ], [ -42.919443, -5.420105 ], [ -42.923792, -5.430661 ], [ -42.927114, -5.435526 ], [ -42.930681, -5.439174 ], [ -42.935079, -5.441314 ], [ -42.939624, -5.442385 ], [ -42.953432, -5.44361 ], [ -42.957502, -5.444599 ], [ -42.965424, -5.449195 ], [ -42.968355, -5.453524 ], [ -42.969704, -5.457561 ], [ -42.974067, -5.485964 ], [ -42.975196, -5.48801 ], [ -42.988453, -5.498592 ], [ -42.995328, -5.508293 ], [ -43.000263, -5.519285 ], [ -43.000831, -5.532223 ], [ -43.002071, -5.53767 ], [ -43.004221, -5.542679 ], [ -43.009401, -5.548467 ], [ -43.020786, -5.556832 ], [ -43.024402, -5.561744 ], [ -43.025575, -5.567531 ], [ -43.025468, -5.577379 ], [ -43.033217, -5.592074 ], [ -43.036055, -5.592878 ], [ -43.046635, -5.591799 ], [ -43.054307, -5.595349 ], [ -43.061783, -5.597683 ], [ -43.074487, -5.598266 ], [ -43.081996, -5.599513 ], [ -43.088072, -5.604151 ], [ -43.091052, -5.607944 ], [ -43.097209, -5.620053 ], [ -43.098009, -5.624772 ], [ -43.097296, -5.62704 ], [ -43.092127, -5.629098 ], [ -43.084749, -5.634398 ], [ -43.081964, -5.639407 ], [ -43.080449, -5.644075 ], [ -43.080355, -5.651519 ], [ -43.08856, -5.671597 ], [ -43.088072, -5.679085 ], [ -43.084211, -5.692602 ], [ -43.081719, -5.709182 ], [ -43.076491, -5.72547 ], [ -43.075807, -5.73111 ], [ -43.075807, -5.735486 ], [ -43.077565, -5.73958 ], [ -43.079814, -5.742042 ], [ -43.08384, -5.742777 ], [ -43.091316, -5.740717 ], [ -43.094163, -5.742241 ], [ -43.099603, -5.752891 ], [ -43.101167, -5.758628 ], [ -43.09848, -5.775255 ], [ -43.098284, -5.790277 ], [ -43.096916, -5.794652 ], [ -43.090955, -5.80384 ], [ -43.090417, -5.807827 ], [ -43.096036, -5.825035 ], [ -43.096525, -5.829799 ], [ -43.094375, -5.835049 ], [ -43.085091, -5.847202 ], [ -43.077077, -5.86091 ], [ -43.075123, -5.864993 ], [ -43.074927, -5.867715 ], [ -43.075574, -5.871071 ], [ -43.077175, -5.874131 ], [ -43.080889, -5.878603 ], [ -43.091345, -5.887935 ], [ -43.098968, -5.900864 ], [ -43.0995, -5.904612 ], [ -43.096427, -5.90971 ], [ -43.090437, -5.914249 ], [ -43.086948, -5.919139 ], [ -43.086068, -5.925458 ], [ -43.086655, -5.941399 ], [ -43.086068, -5.95005 ], [ -43.084211, -5.95734 ], [ -43.080205, -5.964436 ], [ -43.070823, -5.977557 ], [ -43.065839, -5.980668 ], [ -43.060073, -5.982174 ], [ -43.054991, -5.985576 ], [ -43.050935, -5.989561 ], [ -43.048492, -5.993692 ], [ -43.047564, -5.997336 ], [ -43.049225, -6.013932 ], [ -43.050691, -6.018159 ], [ -43.052548, -6.021075 ], [ -43.061636, -6.031183 ], [ -43.071507, -6.036625 ], [ -43.073999, -6.038666 ], [ -43.075709, -6.041193 ], [ -43.076198, -6.046198 ], [ -43.074585, -6.057422 ], [ -43.062272, -6.070104 ], [ -43.056848, -6.079968 ], [ -43.049127, -6.10159 ], [ -43.04513, -6.106545 ], [ -43.033686, -6.111356 ], [ -43.011404, -6.111793 ], [ -43.001583, -6.113591 ], [ -42.992299, -6.117575 ], [ -42.986386, -6.122967 ], [ -42.982135, -6.128069 ], [ -42.97979, -6.133073 ], [ -42.978421, -6.138514 ], [ -42.976613, -6.158531 ], [ -42.974854, -6.166304 ], [ -42.969911, -6.177325 ], [ -42.955455, -6.186319 ], [ -42.951557, -6.187787 ], [ -42.934666, -6.191596 ], [ -42.933174, -6.192731 ], [ -42.922179, -6.207839 ], [ -42.914214, -6.214591 ], [ -42.89936, -6.223092 ], [ -42.893008, -6.225472 ], [ -42.887955, -6.226288 ], [ -42.878993, -6.224976 ], [ -42.87666, -6.225355 ], [ -42.865204, -6.235138 ], [ -42.861539, -6.239122 ], [ -42.854503, -6.249856 ], [ -42.854307, -6.252188 ], [ -42.85592, -6.261951 ], [ -42.855676, -6.264914 ], [ -42.853916, -6.2688 ], [ -42.847309, -6.278182 ], [ -42.846522, -6.281384 ], [ -42.849225, -6.296582 ], [ -42.849197, -6.307145 ], [ -42.857679, -6.322177 ], [ -42.85978, -6.329948 ], [ -42.857843, -6.332941 ], [ -42.853672, -6.333541 ], [ -42.849958, -6.332376 ], [ -42.83916, -6.325771 ], [ -42.835542, -6.324983 ], [ -42.83357, -6.32569 ], [ -42.831048, -6.329171 ], [ -42.829485, -6.334221 ], [ -42.82934, -6.340603 ], [ -42.831636, -6.344692 ], [ -42.844583, -6.352287 ], [ -42.847857, -6.354618 ], [ -42.851522, -6.358601 ], [ -42.856429, -6.370837 ], [ -42.854454, -6.382542 ], [ -42.854653, -6.384897 ], [ -42.856897, -6.390506 ], [ -42.858949, -6.393614 ], [ -42.862321, -6.39575 ], [ -42.864618, -6.398567 ], [ -42.877931, -6.418493 ], [ -42.878299, -6.420515 ], [ -42.876638, -6.429304 ], [ -42.872778, -6.439598 ], [ -42.86882, -6.454261 ], [ -42.870286, -6.466545 ], [ -42.868038, -6.47509 ], [ -42.865888, -6.480188 ], [ -42.865795, -6.483881 ], [ -42.866865, -6.488151 ], [ -42.868455, -6.490128 ], [ -42.880854, -6.493288 ], [ -42.883436, -6.495511 ], [ -42.885434, -6.500871 ], [ -42.886729, -6.506665 ], [ -42.886233, -6.508738 ], [ -42.882117, -6.51022 ], [ -42.873071, -6.510047 ], [ -42.871898, -6.511746 ], [ -42.872148, -6.513455 ], [ -42.873999, -6.518688 ], [ -42.880254, -6.527767 ], [ -42.886704, -6.533835 ], [ -42.88817, -6.536651 ], [ -42.888952, -6.544467 ], [ -42.887906, -6.551463 ], [ -42.884261, -6.564661 ], [ -42.884798, -6.570243 ], [ -42.888501, -6.58016 ], [ -42.901412, -6.594126 ], [ -42.904588, -6.598397 ], [ -42.907715, -6.605921 ], [ -42.911771, -6.625773 ], [ -42.915582, -6.63184 ], [ -42.916951, -6.636548 ], [ -42.917274, -6.640975 ], [ -42.915094, -6.647954 ], [ -42.914898, -6.651012 ], [ -42.918026, -6.6663 ], [ -42.919931, -6.671008 ], [ -42.929655, -6.679356 ], [ -42.943142, -6.697409 ], [ -42.951107, -6.705077 ], [ -42.956823, -6.708086 ], [ -42.970424, -6.713437 ], [ -42.977444, -6.717937 ], [ -42.980816, -6.721334 ], [ -42.983894, -6.726235 ], [ -42.987461, -6.738416 ], [ -42.9928, -6.748728 ], [ -42.998651, -6.75307 ], [ -43.011062, -6.760009 ], [ -43.019418, -6.761902 ], [ -43.030803, -6.762969 ], [ -43.047906, -6.76195 ], [ -43.057385, -6.757632 ], [ -43.065215, -6.749979 ], [ -43.076002, -6.749091 ], [ -43.083503, -6.74929 ], [ -43.088287, -6.751741 ], [ -43.09633, -6.760834 ], [ -43.099115, -6.765638 ], [ -43.101216, -6.767967 ], [ -43.104978, -6.770248 ], [ -43.115875, -6.775197 ], [ -43.123644, -6.777284 ], [ -43.134932, -6.782524 ], [ -43.137717, -6.782136 ], [ -43.147588, -6.783688 ], [ -43.15394, -6.781456 ], [ -43.163957, -6.773838 ], [ -43.168794, -6.771073 ], [ -43.178274, -6.767336 ], [ -43.219222, -6.763843 ], [ -43.231878, -6.764765 ], [ -43.244826, -6.766948 ], [ -43.250055, -6.768647 ], [ -43.256798, -6.779127 ], [ -43.262369, -6.785193 ], [ -43.271262, -6.792568 ], [ -43.279764, -6.795964 ], [ -43.295987, -6.799846 ], [ -43.310793, -6.801107 ], [ -43.320761, -6.800913 ], [ -43.331169, -6.798293 ], [ -43.337619, -6.799167 ], [ -43.345193, -6.797528 ], [ -43.349199, -6.798584 ], [ -43.355503, -6.803582 ], [ -43.359314, -6.813528 ], [ -43.364201, -6.819205 ], [ -43.366457, -6.819961 ], [ -43.382368, -6.816142 ], [ -43.387526, -6.817192 ], [ -43.389317, -6.819593 ], [ -43.389756, -6.821825 ], [ -43.388486, -6.829636 ], [ -43.390302, -6.833899 ], [ -43.400681, -6.833771 ], [ -43.403253, -6.835439 ], [ -43.406224, -6.839534 ], [ -43.408764, -6.841329 ], [ -43.414482, -6.843318 ], [ -43.419129, -6.84401 ], [ -43.426013, -6.842978 ], [ -43.437252, -6.838563 ], [ -43.442487, -6.837879 ], [ -43.445999, -6.83866 ], [ -43.449753, -6.841082 ], [ -43.452253, -6.844337 ], [ -43.454589, -6.845997 ], [ -43.45753, -6.846073 ], [ -43.460023, -6.84487 ], [ -43.465267, -6.839914 ], [ -43.472825, -6.839194 ], [ -43.48118, -6.83541 ], [ -43.483428, -6.833032 ], [ -43.491931, -6.81348 ], [ -43.493738, -6.810714 ], [ -43.503101, -6.8023 ], [ -43.508398, -6.798827 ], [ -43.524752, -6.794752 ], [ -43.541634, -6.789137 ], [ -43.545974, -6.782378 ], [ -43.54703, -6.770252 ], [ -43.548787, -6.763201 ], [ -43.553152, -6.756248 ], [ -43.559064, -6.749674 ], [ -43.561659, -6.748121 ], [ -43.56569, -6.747393 ], [ -43.570919, -6.747742 ], [ -43.571625, -6.749088 ], [ -43.571759, -6.752501 ], [ -43.572834, -6.754599 ], [ -43.575905, -6.756851 ], [ -43.580606, -6.75847 ], [ -43.584376, -6.757484 ], [ -43.595314, -6.746147 ], [ -43.601216, -6.742702 ], [ -43.621594, -6.735008 ], [ -43.62871, -6.729307 ], [ -43.637511, -6.719562 ], [ -43.642874, -6.716551 ], [ -43.65175, -6.712657 ], [ -43.672721, -6.706269 ], [ -43.680583, -6.708202 ], [ -43.686346, -6.707975 ], [ -43.698542, -6.709551 ], [ -43.701273, -6.708424 ], [ -43.702816, -6.706545 ], [ -43.703834, -6.704973 ], [ -43.704211, -6.701029 ], [ -43.707169, -6.699817 ], [ -43.71499, -6.698733 ], [ -43.728714, -6.704802 ], [ -43.751321, -6.704143 ], [ -43.757751, -6.702458 ], [ -43.760735, -6.702438 ], [ -43.767674, -6.708196 ], [ -43.7719, -6.713845 ], [ -43.774843, -6.714937 ], [ -43.778922, -6.713852 ], [ -43.78105, -6.71245 ], [ -43.790856, -6.702332 ], [ -43.795064, -6.702072 ], [ -43.799377, -6.704637 ], [ -43.802552, -6.713308 ], [ -43.805093, -6.717256 ], [ -43.808186, -6.720273 ], [ -43.820126, -6.727277 ], [ -43.842114, -6.733755 ], [ -43.853761, -6.735612 ], [ -43.863016, -6.743738 ], [ -43.868305, -6.747234 ], [ -43.879918, -6.757782 ], [ -43.884182, -6.758736 ], [ -43.898132, -6.754481 ], [ -43.913794, -6.752661 ], [ -43.918915, -6.755791 ], [ -43.927762, -6.770447 ], [ -43.928288, -6.769971 ], [ -43.932372, -6.771996 ], [ -43.942366, -6.76777 ], [ -43.945103, -6.76551 ], [ -43.949342, -6.751744 ], [ -43.953022, -6.746673 ], [ -43.95676, -6.743154 ], [ -43.96121, -6.741898 ], [ -43.970733, -6.744221 ], [ -43.981313, -6.75453 ], [ -43.987734, -6.757278 ], [ -43.993819, -6.757038 ], [ -44.005426, -6.758928 ], [ -44.01815, -6.758108 ], [ -44.02332, -6.760172 ], [ -44.033393, -6.760404 ], [ -44.035095, -6.76124 ], [ -44.037941, -6.764333 ], [ -44.038928, -6.766744 ], [ -44.042896, -6.769434 ], [ -44.053371, -6.768309 ], [ -44.057459, -6.774442 ], [ -44.060233, -6.784747 ], [ -44.060868, -6.790748 ], [ -44.059847, -6.805905 ], [ -44.059063, -6.808437 ], [ -44.061729, -6.813375 ], [ -44.06373, -6.814582 ], [ -44.069697, -6.821377 ], [ -44.076987, -6.821126 ], [ -44.08276, -6.809755 ], [ -44.086116, -6.804992 ], [ -44.088874, -6.803301 ], [ -44.107154, -6.80237 ], [ -44.113042, -6.802996 ], [ -44.116276, -6.805786 ], [ -44.116313, -6.814943 ], [ -44.11304, -6.823156 ], [ -44.104848, -6.830219 ], [ -44.09871, -6.839944 ], [ -44.098813, -6.845853 ], [ -44.10065, -6.851142 ], [ -44.104401, -6.856547 ], [ -44.107208, -6.857772 ], [ -44.109011, -6.857612 ], [ -44.114177, -6.85287 ], [ -44.115177, -6.838353 ], [ -44.119898, -6.832789 ], [ -44.125124, -6.835585 ], [ -44.131071, -6.844987 ], [ -44.13612, -6.855168 ], [ -44.137228, -6.860173 ], [ -44.139173, -6.864107 ], [ -44.140626, -6.865216 ], [ -44.148434, -6.867663 ], [ -44.153315, -6.867753 ], [ -44.163481, -6.874521 ], [ -44.171346, -6.884977 ], [ -44.173735, -6.889277 ], [ -44.175848, -6.895606 ], [ -44.176438, -6.904225 ], [ -44.175754, -6.911696 ], [ -44.173702, -6.920088 ], [ -44.175039, -6.92517 ], [ -44.178651, -6.927159 ], [ -44.189632, -6.925666 ], [ -44.195104, -6.927412 ], [ -44.198602, -6.929762 ], [ -44.200821, -6.932942 ], [ -44.202141, -6.938617 ], [ -44.201505, -6.948561 ], [ -44.202464, -6.957187 ], [ -44.208172, -6.969945 ], [ -44.214601, -6.975432 ], [ -44.235954, -6.998712 ], [ -44.246077, -7.001163 ], [ -44.259479, -6.999237 ], [ -44.260888, -6.999664 ], [ -44.262295, -7.001302 ], [ -44.263318, -7.003611 ], [ -44.262927, -7.01365 ], [ -44.26366, -7.018985 ], [ -44.266983, -7.024222 ], [ -44.271918, -7.028975 ], [ -44.276365, -7.034601 ], [ -44.278319, -7.038189 ], [ -44.279785, -7.04527 ], [ -44.278759, -7.051477 ], [ -44.27397, -7.064716 ], [ -44.274117, -7.070244 ], [ -44.275778, -7.074511 ], [ -44.297718, -7.101326 ], [ -44.302751, -7.11437 ], [ -44.305185, -7.117812 ], [ -44.308065, -7.119425 ], [ -44.310189, -7.119552 ], [ -44.312915, -7.118636 ], [ -44.327379, -7.110151 ], [ -44.332467, -7.108613 ], [ -44.335176, -7.109519 ], [ -44.339448, -7.112818 ], [ -44.3544, -7.115921 ], [ -44.358358, -7.119121 ], [ -44.363098, -7.121497 ], [ -44.368815, -7.12174 ], [ -44.378686, -7.119315 ], [ -44.386064, -7.120915 ], [ -44.396374, -7.126879 ], [ -44.403899, -7.129934 ], [ -44.414649, -7.13677 ], [ -44.417288, -7.138661 ], [ -44.422761, -7.146079 ], [ -44.430628, -7.151558 ], [ -44.449914, -7.1596 ], [ -44.457624, -7.159067 ], [ -44.462096, -7.160091 ], [ -44.473432, -7.166442 ], [ -44.478856, -7.170272 ], [ -44.485257, -7.176042 ], [ -44.490095, -7.181956 ], [ -44.494541, -7.183702 ], [ -44.501656, -7.18499 ], [ -44.505243, -7.186756 ], [ -44.514233, -7.196015 ], [ -44.519902, -7.215164 ], [ -44.521612, -7.218654 ], [ -44.525149, -7.221999 ], [ -44.535116, -7.227308 ], [ -44.538031, -7.227409 ], [ -44.546777, -7.225538 ], [ -44.559091, -7.226168 ], [ -44.564195, -7.227708 ], [ -44.566052, -7.229932 ], [ -44.567739, -7.235912 ], [ -44.57072, -7.242262 ], [ -44.571785, -7.248429 ], [ -44.579711, -7.257773 ], [ -44.581714, -7.259421 ], [ -44.587725, -7.262233 ], [ -44.594077, -7.267177 ], [ -44.595445, -7.271781 ], [ -44.595144, -7.277163 ], [ -44.599403, -7.280555 ], [ -44.604876, -7.28831 ], [ -44.608834, -7.294368 ], [ -44.61241, -7.303887 ], [ -44.61587, -7.308666 ], [ -44.61995, -7.310074 ], [ -44.628914, -7.309674 ], [ -44.632968, -7.313415 ], [ -44.640181, -7.315811 ], [ -44.641119, -7.322298 ], [ -44.643332, -7.324854 ], [ -44.659171, -7.328525 ], [ -44.662731, -7.331348 ], [ -44.666151, -7.337018 ], [ -44.670858, -7.352682 ], [ -44.677304, -7.357624 ], [ -44.678427, -7.359256 ], [ -44.680136, -7.368063 ], [ -44.679784, -7.371378 ], [ -44.680843, -7.374596 ], [ -44.683204, -7.377241 ], [ -44.684378, -7.386691 ], [ -44.688641, -7.394909 ], [ -44.69037, -7.395769 ], [ -44.700779, -7.395729 ], [ -44.70185, -7.395302 ], [ -44.703355, -7.392639 ], [ -44.704376, -7.392424 ], [ -44.709468, -7.397745 ], [ -44.711096, -7.398182 ], [ -44.719547, -7.395918 ], [ -44.727377, -7.391391 ], [ -44.729929, -7.39077 ], [ -44.735698, -7.381632 ], [ -44.737297, -7.373219 ], [ -44.740668, -7.365078 ], [ -44.740973, -7.362781 ], [ -44.741981, -7.361704 ], [ -44.746048, -7.361676 ], [ -44.751061, -7.363955 ], [ -44.761728, -7.371959 ], [ -44.767508, -7.374317 ], [ -44.772566, -7.373836 ], [ -44.780346, -7.378517 ], [ -44.786035, -7.371945 ], [ -44.791744, -7.370299 ], [ -44.798169, -7.367198 ], [ -44.804582, -7.365659 ], [ -44.813817, -7.361104 ], [ -44.816496, -7.360894 ], [ -44.817335, -7.361492 ], [ -44.819925, -7.369972 ], [ -44.8206, -7.375623 ], [ -44.825349, -7.379325 ], [ -44.833363, -7.38325 ], [ -44.840686, -7.385412 ], [ -44.845916, -7.385417 ], [ -44.848028, -7.386566 ], [ -44.850514, -7.392748 ], [ -44.853885, -7.396237 ], [ -44.852126, -7.400356 ], [ -44.85245, -7.40297 ], [ -44.858205, -7.409185 ], [ -44.86301, -7.411275 ], [ -44.865864, -7.414893 ], [ -44.867458, -7.420841 ], [ -44.869705, -7.423057 ], [ -44.882029, -7.427635 ], [ -44.885421, -7.425343 ], [ -44.89405, -7.424553 ], [ -44.900435, -7.425411 ], [ -44.90435, -7.430808 ], [ -44.908869, -7.442415 ], [ -44.912651, -7.444829 ], [ -44.91477, -7.448992 ], [ -44.917799, -7.450445 ], [ -44.919119, -7.452141 ], [ -44.922197, -7.459408 ], [ -44.923077, -7.463844 ], [ -44.923009, -7.468232 ], [ -44.924816, -7.470529 ], [ -44.929312, -7.472147 ], [ -44.933211, -7.471571 ], [ -44.937471, -7.469645 ], [ -44.947496, -7.474591 ], [ -44.956694, -7.475292 ], [ -44.963114, -7.479022 ], [ -44.9662, -7.482603 ], [ -44.975294, -7.483102 ], [ -44.978047, -7.48207 ], [ -44.981493, -7.482252 ], [ -44.987015, -7.481138 ], [ -44.991887, -7.483944 ], [ -44.995456, -7.488968 ], [ -45.003583, -7.496859 ], [ -45.005675, -7.497367 ], [ -45.011724, -7.494878 ], [ -45.019582, -7.496399 ], [ -45.022246, -7.499015 ], [ -45.036906, -7.506084 ], [ -45.049233, -7.51321 ], [ -45.055619, -7.508534 ], [ -45.0652, -7.50655 ], [ -45.067975, -7.504113 ], [ -45.084309, -7.502157 ], [ -45.089702, -7.504247 ], [ -45.095981, -7.504513 ], [ -45.103995, -7.507638 ], [ -45.10728, -7.50824 ], [ -45.108857, -7.509697 ], [ -45.10953, -7.512364 ], [ -45.111823, -7.510629 ], [ -45.113596, -7.510327 ], [ -45.126716, -7.514202 ], [ -45.132451, -7.517969 ], [ -45.136091, -7.521532 ], [ -45.138675, -7.522422 ], [ -45.147508, -7.521178 ], [ -45.150953, -7.51551 ], [ -45.153854, -7.513078 ], [ -45.155528, -7.512914 ], [ -45.157647, -7.51442 ], [ -45.159406, -7.517254 ], [ -45.163462, -7.519773 ], [ -45.169203, -7.526192 ], [ -45.174799, -7.529644 ], [ -45.177241, -7.53341 ], [ -45.178854, -7.538521 ], [ -45.181004, -7.54196 ], [ -45.190068, -7.548524 ], [ -45.195774, -7.548557 ], [ -45.201966, -7.550461 ], [ -45.203848, -7.551672 ], [ -45.208319, -7.556201 ], [ -45.213606, -7.565585 ], [ -45.218489, -7.568545 ], [ -45.221292, -7.568359 ], [ -45.222465, -7.567415 ], [ -45.222734, -7.560803 ], [ -45.230048, -7.550152 ], [ -45.232326, -7.549071 ], [ -45.251612, -7.559277 ], [ -45.2575, -7.564 ], [ -45.258697, -7.567996 ], [ -45.261707, -7.571184 ], [ -45.267517, -7.570176 ], [ -45.275567, -7.566971 ], [ -45.280583, -7.567754 ], [ -45.285396, -7.566423 ], [ -45.28655, -7.567052 ], [ -45.289008, -7.571522 ], [ -45.298839, -7.575238 ], [ -45.30932, -7.575867 ], [ -45.315795, -7.574317 ], [ -45.324663, -7.575116 ], [ -45.33468, -7.577659 ], [ -45.340691, -7.581752 ], [ -45.341057, -7.588437 ], [ -45.342269, -7.593363 ], [ -45.346628, -7.595242 ], [ -45.359308, -7.605486 ], [ -45.372182, -7.618384 ], [ -45.375408, -7.617836 ], [ -45.381003, -7.612896 ], [ -45.383251, -7.612097 ], [ -45.391851, -7.612508 ], [ -45.395467, -7.614518 ], [ -45.398228, -7.623043 ], [ -45.398301, -7.639315 ], [ -45.399205, -7.641059 ], [ -45.402457, -7.643438 ], [ -45.407316, -7.644207 ], [ -45.413434, -7.644065 ], [ -45.415545, -7.645025 ], [ -45.416503, -7.649437 ], [ -45.414279, -7.652948 ], [ -45.414446, -7.655319 ], [ -45.416454, -7.657549 ], [ -45.420363, -7.659816 ], [ -45.427732, -7.660032 ], [ -45.432531, -7.661539 ], [ -45.437431, -7.66783 ], [ -45.434851, -7.674087 ], [ -45.435364, -7.675806 ], [ -45.43751, -7.678051 ], [ -45.440128, -7.678076 ], [ -45.444526, -7.674692 ], [ -45.448728, -7.673506 ], [ -45.455838, -7.670019 ], [ -45.457681, -7.670804 ], [ -45.459601, -7.672803 ], [ -45.460937, -7.675697 ], [ -45.46026, -7.677888 ], [ -45.456424, -7.681108 ], [ -45.448818, -7.682128 ], [ -45.448815, -7.685356 ], [ -45.451196, -7.688164 ], [ -45.461506, -7.689244 ], [ -45.467126, -7.688348 ], [ -45.470082, -7.689898 ], [ -45.470473, -7.694716 ], [ -45.469105, -7.699631 ], [ -45.469202, -7.707742 ], [ -45.468103, -7.712874 ], [ -45.469478, -7.714091 ], [ -45.475881, -7.713898 ], [ -45.482322, -7.715842 ], [ -45.487209, -7.728659 ], [ -45.485889, -7.734712 ], [ -45.482454, -7.73981 ], [ -45.481692, -7.747649 ], [ -45.482127, -7.749673 ], [ -45.483604, -7.751805 ], [ -45.486331, -7.751348 ], [ -45.490194, -7.745745 ], [ -45.49643, -7.747767 ], [ -45.496078, -7.751731 ], [ -45.494685, -7.753813 ], [ -45.488332, -7.760882 ], [ -45.484448, -7.762818 ], [ -45.485625, -7.766304 ], [ -45.492324, -7.774482 ], [ -45.492495, -7.780042 ], [ -45.489554, -7.783237 ], [ -45.489511, -7.786257 ], [ -45.490966, -7.78772 ], [ -45.493467, -7.788317 ], [ -45.495853, -7.787324 ], [ -45.499136, -7.784247 ], [ -45.501377, -7.786485 ], [ -45.50133, -7.788611 ], [ -45.498477, -7.794233 ], [ -45.498554, -7.797272 ], [ -45.500934, -7.799116 ], [ -45.508375, -7.800068 ], [ -45.510634, -7.801362 ], [ -45.509378, -7.810255 ], [ -45.511201, -7.823467 ], [ -45.51553, -7.829838 ], [ -45.517231, -7.834737 ], [ -45.526169, -7.838463 ], [ -45.527042, -7.839452 ], [ -45.526886, -7.845396 ], [ -45.524867, -7.849617 ], [ -45.52506, -7.856431 ], [ -45.525871, -7.857287 ], [ -45.532603, -7.858175 ], [ -45.540226, -7.862531 ], [ -45.540754, -7.864056 ], [ -45.537414, -7.87144 ], [ -45.534946, -7.875018 ], [ -45.530341, -7.877922 ], [ -45.528034, -7.880436 ], [ -45.522537, -7.881892 ], [ -45.521242, -7.882981 ], [ -45.520421, -7.885609 ], [ -45.520844, -7.887268 ], [ -45.52238, -7.88826 ], [ -45.527844, -7.888605 ], [ -45.533622, -7.890843 ], [ -45.538677, -7.89157 ], [ -45.541985, -7.894574 ], [ -45.54327, -7.897269 ], [ -45.529215, -7.9055 ], [ -45.524868, -7.906751 ], [ -45.52373, -7.910769 ], [ -45.52505, -7.913773 ], [ -45.531213, -7.922406 ], [ -45.533386, -7.922156 ], [ -45.539465, -7.918358 ], [ -45.544477, -7.92008 ], [ -45.541437, -7.928794 ], [ -45.543118, -7.934454 ], [ -45.545757, -7.939986 ], [ -45.546126, -7.94283 ], [ -45.547961, -7.94713 ], [ -45.55041, -7.949311 ], [ -45.553223, -7.950011 ], [ -45.556471, -7.953692 ], [ -45.555004, -7.955665 ], [ -45.552082, -7.957397 ], [ -45.546855, -7.957219 ], [ -45.545846, -7.957732 ], [ -45.545629, -7.961738 ], [ -45.547542, -7.967996 ], [ -45.555455, -7.971112 ], [ -45.557078, -7.973773 ], [ -45.559164, -7.980053 ], [ -45.564681, -7.985973 ], [ -45.56811, -7.994122 ], [ -45.567903, -7.996875 ], [ -45.566166, -7.999019 ], [ -45.556248, -8.004763 ], [ -45.551107, -8.008764 ], [ -45.550297, -8.010488 ], [ -45.551097, -8.014519 ], [ -45.55361, -8.016734 ], [ -45.555827, -8.017074 ], [ -45.561379, -8.014134 ], [ -45.563763, -8.014193 ], [ -45.565776, -8.015608 ], [ -45.569793, -8.021982 ], [ -45.577655, -8.028331 ], [ -45.576308, -8.031029 ], [ -45.569478, -8.036041 ], [ -45.563338, -8.044153 ], [ -45.563039, -8.045644 ], [ -45.56409, -8.049595 ], [ -45.567026, -8.050403 ], [ -45.568762, -8.052432 ], [ -45.568767, -8.069939 ], [ -45.570082, -8.073956 ], [ -45.574138, -8.0796 ], [ -45.576299, -8.08393 ], [ -45.579708, -8.086437 ], [ -45.580681, -8.089098 ], [ -45.580392, -8.091328 ], [ -45.581418, -8.093162 ], [ -45.58546, -8.09525 ], [ -45.586304, -8.096403 ], [ -45.585718, -8.102789 ], [ -45.579043, -8.10934 ], [ -45.576363, -8.114744 ], [ -45.587814, -8.129946 ], [ -45.588503, -8.136892 ], [ -45.584096, -8.151684 ], [ -45.583728, -8.156936 ], [ -45.587471, -8.163606 ], [ -45.59099, -8.167969 ], [ -45.592959, -8.173086 ], [ -45.595012, -8.17447 ], [ -45.599042, -8.174387 ], [ -45.602023, -8.175151 ], [ -45.605019, -8.180231 ], [ -45.607697, -8.182275 ], [ -45.609452, -8.185488 ], [ -45.613057, -8.186514 ], [ -45.61508, -8.191229 ], [ -45.61508, -8.193334 ], [ -45.613713, -8.198526 ], [ -45.609855, -8.202641 ], [ -45.609782, -8.205418 ], [ -45.61304, -8.208481 ], [ -45.615783, -8.209689 ], [ -45.620977, -8.216249 ], [ -45.63574, -8.225198 ], [ -45.646265, -8.239576 ], [ -45.648282, -8.244049 ], [ -45.655804, -8.247525 ], [ -45.660865, -8.248094 ], [ -45.663626, -8.250531 ], [ -45.665087, -8.256843 ], [ -45.663851, -8.268297 ], [ -45.667125, -8.288654 ], [ -45.668219, -8.291661 ], [ -45.673464, -8.295181 ], [ -45.676067, -8.301322 ], [ -45.678378, -8.304201 ], [ -45.678565, -8.308892 ], [ -45.681, -8.315019 ], [ -45.680357, -8.320812 ], [ -45.690382, -8.335975 ], [ -45.688508, -8.342046 ], [ -45.69058, -8.355811 ], [ -45.693751, -8.361906 ], [ -45.696282, -8.363283 ], [ -45.70177, -8.36418 ], [ -45.706206, -8.368703 ], [ -45.704994, -8.376696 ], [ -45.703101, -8.380708 ], [ -45.704994, -8.385784 ], [ -45.706363, -8.387621 ], [ -45.708366, -8.388491 ], [ -45.713985, -8.387934 ], [ -45.716902, -8.390251 ], [ -45.719922, -8.39048 ], [ -45.724675, -8.394824 ], [ -45.725014, -8.396365 ], [ -45.724443, -8.397569 ], [ -45.721192, -8.400028 ], [ -45.722595, -8.405313 ], [ -45.72454, -8.406764 ], [ -45.730027, -8.408711 ], [ -45.73226, -8.411066 ], [ -45.733189, -8.412951 ], [ -45.733343, -8.416048 ], [ -45.735065, -8.419081 ], [ -45.735039, -8.422782 ], [ -45.730672, -8.428423 ], [ -45.730501, -8.42957 ], [ -45.731412, -8.431057 ], [ -45.736159, -8.434915 ], [ -45.737954, -8.441599 ], [ -45.743059, -8.445674 ], [ -45.744916, -8.449154 ], [ -45.745356, -8.452683 ], [ -45.742668, -8.47332 ], [ -45.744721, -8.484049 ], [ -45.74731, -8.489511 ], [ -45.747917, -8.494104 ], [ -45.746818, -8.496867 ], [ -45.742595, -8.499204 ], [ -45.739287, -8.499851 ], [ -45.738678, -8.500656 ], [ -45.740018, -8.503671 ], [ -45.744036, -8.507005 ], [ -45.753277, -8.518209 ], [ -45.755178, -8.524603 ], [ -45.75709, -8.526937 ], [ -45.756874, -8.529097 ], [ -45.755089, -8.532695 ], [ -45.75524, -8.535681 ], [ -45.753565, -8.540832 ], [ -45.753837, -8.542063 ], [ -45.759179, -8.548673 ], [ -45.761595, -8.549947 ], [ -45.761828, -8.561832 ], [ -45.77078, -8.573297 ], [ -45.772427, -8.574676 ], [ -45.777033, -8.575929 ], [ -45.783587, -8.580788 ], [ -45.792607, -8.581804 ], [ -45.794587, -8.583711 ], [ -45.794803, -8.591797 ], [ -45.789382, -8.595093 ], [ -45.782788, -8.597404 ], [ -45.77574, -8.603954 ], [ -45.767066, -8.60728 ], [ -45.766069, -8.608576 ], [ -45.766191, -8.609546 ], [ -45.771374, -8.611905 ], [ -45.776384, -8.617152 ], [ -45.777473, -8.617433 ], [ -45.790035, -8.616664 ], [ -45.792582, -8.615569 ], [ -45.79559, -8.612937 ], [ -45.797801, -8.612998 ], [ -45.798845, -8.614428 ], [ -45.798299, -8.620591 ], [ -45.804872, -8.622202 ], [ -45.815991, -8.632753 ], [ -45.819507, -8.639633 ], [ -45.819985, -8.644902 ], [ -45.822023, -8.648526 ], [ -45.820553, -8.653376 ], [ -45.816975, -8.655052 ], [ -45.813687, -8.653916 ], [ -45.812734, -8.654762 ], [ -45.81248, -8.656468 ], [ -45.813667, -8.658332 ], [ -45.820309, -8.663759 ], [ -45.821832, -8.665927 ], [ -45.823045, -8.67067 ], [ -45.829988, -8.68519 ], [ -45.83016, -8.689533 ], [ -45.831845, -8.695913 ], [ -45.837562, -8.70567 ], [ -45.838881, -8.71277 ], [ -45.840407, -8.715529 ], [ -45.841757, -8.715251 ], [ -45.845253, -8.711757 ], [ -45.850225, -8.710193 ], [ -45.853866, -8.710817 ], [ -45.858573, -8.713591 ], [ -45.864227, -8.715523 ], [ -45.86504, -8.717084 ], [ -45.863704, -8.720257 ], [ -45.864001, -8.724727 ], [ -45.863093, -8.727038 ], [ -45.863704, -8.729965 ], [ -45.867955, -8.731848 ], [ -45.874845, -8.73151 ], [ -45.879661, -8.733851 ], [ -45.88426, -8.73504 ], [ -45.889885, -8.739262 ], [ -45.889699, -8.751167 ], [ -45.891361, -8.755658 ], [ -45.890728, -8.759279 ], [ -45.891898, -8.762757 ], [ -45.893043, -8.763099 ], [ -45.897811, -8.759715 ], [ -45.905741, -8.75842 ], [ -45.908707, -8.758894 ], [ -45.911693, -8.760878 ], [ -45.91937, -8.768793 ], [ -45.924197, -8.770301 ], [ -45.927289, -8.776195 ], [ -45.934875, -8.77891 ], [ -45.937707, -8.781244 ], [ -45.938542, -8.783997 ], [ -45.937683, -8.790897 ], [ -45.938898, -8.795211 ], [ -45.940258, -8.797179 ], [ -45.94859, -8.804705 ], [ -45.95368, -8.806927 ], [ -45.959784, -8.815518 ], [ -45.960722, -8.817894 ], [ -45.959481, -8.824973 ], [ -45.95718, -8.826451 ], [ -45.948213, -8.829239 ], [ -45.946088, -8.830748 ], [ -45.944704, -8.83576 ], [ -45.946156, -8.84165 ], [ -45.947456, -8.843495 ], [ -45.950265, -8.845004 ], [ -45.955959, -8.84055 ], [ -45.958369, -8.840409 ], [ -45.959272, -8.842076 ], [ -45.95916, -8.847852 ], [ -45.960129, -8.851638 ], [ -45.96706, -8.859108 ], [ -45.972399, -8.862838 ], [ -45.97249, -8.865305 ], [ -45.97374, -8.86823 ], [ -45.969953, -8.873097 ], [ -45.967833, -8.873815 ], [ -45.967338, -8.876361 ], [ -45.969142, -8.878507 ], [ -45.978631, -8.882216 ], [ -45.98084, -8.884296 ], [ -45.983298, -8.888574 ], [ -45.983742, -8.890267 ], [ -45.98127, -8.895878 ], [ -45.979658, -8.90367 ], [ -45.98165, -8.905692 ], [ -45.983371, -8.906257 ], [ -45.986499, -8.909975 ], [ -45.986645, -8.911809 ], [ -45.985277, -8.916878 ], [ -45.98592, -8.918969 ], [ -45.989645, -8.920358 ], [ -45.993975, -8.924819 ], [ -45.995089, -8.926992 ], [ -45.994051, -8.937244 ], [ -45.991421, -8.940606 ], [ -45.990168, -8.944044 ], [ -45.991191, -8.950212 ], [ -45.988668, -8.952679 ], [ -45.986059, -8.959983 ], [ -45.978172, -8.969231 ], [ -45.967926, -8.976728 ], [ -45.964021, -8.987688 ], [ -45.961187, -8.9915 ], [ -45.961065, -8.994578 ], [ -45.958157, -9.002408 ], [ -45.950681, -9.009714 ], [ -45.943779, -9.015115 ], [ -45.945937, -9.025138 ], [ -45.942398, -9.032719 ], [ -45.937293, -9.036962 ], [ -45.935857, -9.039693 ], [ -45.937429, -9.04573 ], [ -45.940796, -9.049263 ], [ -45.940974, -9.055107 ], [ -45.939394, -9.057712 ], [ -45.93833, -9.063188 ], [ -45.931173, -9.067703 ], [ -45.929286, -9.070094 ], [ -45.93094, -9.075131 ], [ -45.928144, -9.079367 ], [ -45.928145, -9.080463 ], [ -45.92929, -9.081995 ], [ -45.932683, -9.083674 ], [ -45.933119, -9.085625 ], [ -45.931282, -9.08869 ], [ -45.924769, -9.088462 ], [ -45.92322, -9.089992 ], [ -45.923733, -9.095107 ], [ -45.922707, -9.09805 ], [ -45.923244, -9.098991 ], [ -45.927273, -9.100781 ], [ -45.928092, -9.102006 ], [ -45.927276, -9.104202 ], [ -45.924613, -9.106349 ], [ -45.924124, -9.108882 ], [ -45.924881, -9.111825 ], [ -45.927007, -9.115395 ], [ -45.927422, -9.121812 ], [ -45.929499, -9.127625 ], [ -45.928741, -9.137588 ], [ -45.927569, -9.139687 ], [ -45.923024, -9.143691 ], [ -45.922145, -9.145379 ], [ -45.917674, -9.159538 ], [ -45.915011, -9.163011 ], [ -45.91396, -9.167088 ], [ -45.909366, -9.172451 ], [ -45.906533, -9.173431 ], [ -45.90062, -9.178617 ], [ -45.897689, -9.185298 ], [ -45.89786, -9.188771 ], [ -45.89923, -9.190814 ], [ -45.90106, -9.191255 ], [ -45.904432, -9.189354 ], [ -45.906093, -9.191255 ], [ -45.902966, -9.198683 ], [ -45.901915, -9.203917 ], [ -45.900011, -9.206137 ], [ -45.898863, -9.208944 ], [ -45.901272, -9.21268 ], [ -45.902344, -9.218703 ], [ -45.900817, -9.224279 ], [ -45.903949, -9.230554 ], [ -45.902793, -9.231914 ], [ -45.899899, -9.232147 ], [ -45.897288, -9.23326 ], [ -45.896927, -9.235099 ], [ -45.89916, -9.237803 ], [ -45.898606, -9.246046 ], [ -45.90164, -9.24941 ], [ -45.902212, -9.250994 ], [ -45.898471, -9.259477 ], [ -45.898263, -9.26219 ], [ -45.900572, -9.264605 ], [ -45.903897, -9.264907 ], [ -45.904438, -9.266258 ], [ -45.901942, -9.272922 ], [ -45.896906, -9.27814 ], [ -45.896432, -9.280304 ], [ -45.89781, -9.284196 ], [ -45.89732, -9.289594 ], [ -45.900087, -9.292001 ], [ -45.903858, -9.290468 ], [ -45.906059, -9.291117 ], [ -45.90792, -9.297005 ], [ -45.904989, -9.300857 ], [ -45.904144, -9.306194 ], [ -45.900727, -9.312562 ], [ -45.903279, -9.316408 ], [ -45.902187, -9.317436 ], [ -45.897822, -9.318057 ], [ -45.89673, -9.327772 ], [ -45.895678, -9.328711 ], [ -45.892713, -9.329432 ], [ -45.891402, -9.33073 ], [ -45.891318, -9.332517 ], [ -45.893705, -9.336219 ], [ -45.894289, -9.341566 ], [ -45.887734, -9.34885 ], [ -45.883793, -9.346216 ], [ -45.879745, -9.346181 ], [ -45.875916, -9.353698 ], [ -45.871222, -9.355894 ], [ -45.869686, -9.35591 ], [ -45.864091, -9.358992 ], [ -45.859241, -9.356955 ], [ -45.856775, -9.357129 ], [ -45.852517, -9.355642 ], [ -45.848002, -9.355885 ], [ -45.841199, -9.364116 ], [ -45.840149, -9.364744 ], [ -45.837567, -9.364098 ], [ -45.82981, -9.372757 ], [ -45.824692, -9.374578 ], [ -45.823313, -9.379162 ], [ -45.821646, -9.381113 ], [ -45.820831, -9.385735 ], [ -45.818748, -9.389524 ], [ -45.814776, -9.390661 ], [ -45.814193, -9.3956 ], [ -45.809934, -9.398315 ], [ -45.805612, -9.410368 ], [ -45.800497, -9.41423 ], [ -45.799163, -9.41634 ], [ -45.799131, -9.418158 ], [ -45.80162, -9.420289 ], [ -45.803367, -9.424677 ], [ -45.803174, -9.429396 ], [ -45.801624, -9.436008 ], [ -45.797242, -9.436078 ], [ -45.795142, -9.437481 ], [ -45.795241, -9.439325 ], [ -45.798279, -9.440534 ], [ -45.798523, -9.442336 ], [ -45.794004, -9.445207 ], [ -45.795657, -9.449149 ], [ -45.794608, -9.451028 ], [ -45.791192, -9.454102 ], [ -45.790968, -9.456338 ], [ -45.788883, -9.456981 ], [ -45.788633, -9.457918 ], [ -45.791786, -9.458709 ], [ -45.795252, -9.458225 ], [ -45.795947, -9.459759 ], [ -45.794899, -9.461926 ], [ -45.790948, -9.463002 ], [ -45.789256, -9.46427 ], [ -45.790617, -9.469535 ], [ -45.783435, -9.479477 ], [ -45.786356, -9.483441 ], [ -45.788602, -9.482831 ], [ -45.790839, -9.480995 ], [ -45.792369, -9.485416 ], [ -45.795665, -9.487207 ], [ -45.797625, -9.487262 ], [ -45.798887, -9.49049 ], [ -45.798206, -9.493698 ], [ -45.798719, -9.495186 ], [ -45.801958, -9.495947 ], [ -45.803958, -9.497342 ], [ -45.80552, -9.502067 ], [ -45.80963, -9.502765 ], [ -45.811539, -9.504009 ], [ -45.814979, -9.511076 ], [ -45.820927, -9.517047 ], [ -45.823737, -9.521903 ], [ -45.821395, -9.525726 ], [ -45.821589, -9.526831 ], [ -45.824295, -9.527848 ], [ -45.826624, -9.53019 ], [ -45.827356, -9.529292 ], [ -45.828106, -9.52951 ], [ -45.827234, -9.532154 ], [ -45.829759, -9.533278 ], [ -45.829473, -9.534416 ], [ -45.83181, -9.535647 ], [ -45.832333, -9.536663 ], [ -45.832226, -9.538284 ], [ -45.82829, -9.542991 ], [ -45.828881, -9.547394 ], [ -45.831565, -9.550267 ], [ -45.831288, -9.552414 ], [ -45.833326, -9.552377 ], [ -45.833045, -9.554527 ], [ -45.837877, -9.559568 ], [ -45.840873, -9.560453 ], [ -45.841932, -9.56289 ], [ -45.841471, -9.565679 ], [ -45.842614, -9.576035 ], [ -45.841219, -9.576814 ], [ -45.841021, -9.580091 ], [ -45.838894, -9.582777 ], [ -45.8373, -9.583444 ], [ -45.836855, -9.585462 ], [ -45.834434, -9.58627 ], [ -45.833626, -9.58753 ], [ -45.833734, -9.59039 ], [ -45.835316, -9.58924 ], [ -45.836186, -9.589452 ], [ -45.838175, -9.594543 ], [ -45.836534, -9.599862 ], [ -45.836743, -9.602127 ], [ -45.831962, -9.602861 ], [ -45.830243, -9.605211 ], [ -45.828573, -9.606217 ], [ -45.82832, -9.608219 ], [ -45.827559, -9.608233 ], [ -45.826658, -9.606577 ], [ -45.825778, -9.606993 ], [ -45.824621, -9.609702 ], [ -45.824688, -9.614311 ], [ -45.823313, -9.615997 ], [ -45.820803, -9.616907 ], [ -45.820387, -9.617913 ], [ -45.821752, -9.622138 ], [ -45.819784, -9.62444 ], [ -45.821675, -9.625671 ], [ -45.825463, -9.625445 ], [ -45.826641, -9.626715 ], [ -45.825687, -9.629826 ], [ -45.82574, -9.637403 ], [ -45.82674, -9.637689 ], [ -45.827674, -9.637049 ], [ -45.827598, -9.639309 ], [ -45.82918, -9.640635 ], [ -45.827898, -9.644111 ], [ -45.831927, -9.648991 ], [ -45.833512, -9.652277 ], [ -45.833026, -9.654333 ], [ -45.830729, -9.657991 ], [ -45.832906, -9.662957 ], [ -45.833103, -9.666801 ], [ -45.831677, -9.677382 ], [ -45.829678, -9.679907 ], [ -45.829825, -9.680889 ], [ -45.832488, -9.682621 ], [ -45.833225, -9.684104 ], [ -45.83345, -9.690711 ], [ -45.834043, -9.691716 ], [ -45.836516, -9.692785 ], [ -45.838568, -9.696318 ], [ -45.837252, -9.698457 ], [ -45.833949, -9.699483 ], [ -45.829977, -9.702146 ], [ -45.828724, -9.704403 ], [ -45.830415, -9.708414 ], [ -45.831603, -9.709343 ], [ -45.832531, -9.712554 ], [ -45.831333, -9.713755 ], [ -45.828038, -9.714098 ], [ -45.826408, -9.716146 ], [ -45.825999, -9.718695 ], [ -45.828169, -9.721786 ], [ -45.82934, -9.722188 ], [ -45.829262, -9.724579 ], [ -45.827418, -9.72733 ], [ -45.827434, -9.728675 ], [ -45.825808, -9.729701 ], [ -45.826548, -9.731497 ], [ -45.825305, -9.733428 ], [ -45.825234, -9.734916 ], [ -45.82101, -9.739214 ], [ -45.822244, -9.742492 ], [ -45.826935, -9.744338 ], [ -45.82755, -9.746049 ], [ -45.824111, -9.75286 ], [ -45.821158, -9.755879 ], [ -45.821011, -9.758798 ], [ -45.823125, -9.763251 ], [ -45.821421, -9.773127 ], [ -45.8226, -9.777907 ], [ -45.825976, -9.781334 ], [ -45.82848, -9.791702 ], [ -45.829512, -9.792813 ], [ -45.832884, -9.79382 ], [ -45.834569, -9.79547 ], [ -45.838735, -9.796899 ], [ -45.839346, -9.79764 ], [ -45.839021, -9.799218 ], [ -45.84312, -9.802917 ], [ -45.842683, -9.8045 ], [ -45.845732, -9.808565 ], [ -45.847377, -9.81232 ], [ -45.847057, -9.814592 ], [ -45.848793, -9.817466 ], [ -45.848379, -9.819356 ], [ -45.850745, -9.8303 ], [ -45.85061, -9.832944 ], [ -45.851924, -9.835052 ], [ -45.852168, -9.837046 ], [ -45.853148, -9.837972 ], [ -45.851421, -9.838813 ], [ -45.853336, -9.838899 ], [ -45.854373, -9.841356 ], [ -45.856104, -9.842139 ], [ -45.855128, -9.844068 ], [ -45.855787, -9.845922 ], [ -45.85537, -9.847918 ], [ -45.855889, -9.849077 ], [ -45.858367, -9.849024 ], [ -45.860291, -9.852081 ], [ -45.861474, -9.856009 ], [ -45.86443, -9.861468 ], [ -45.864396, -9.865366 ], [ -45.866278, -9.870719 ], [ -45.865999, -9.871648 ], [ -45.862636, -9.87277 ], [ -45.861565, -9.874443 ], [ -45.863547, -9.881422 ], [ -45.860138, -9.883331 ], [ -45.859814, -9.884169 ], [ -45.860529, -9.889874 ], [ -45.858989, -9.89144 ], [ -45.8597, -9.895055 ], [ -45.857477, -9.903549 ], [ -45.85805, -9.907514 ], [ -45.855675, -9.911185 ], [ -45.85521, -9.913181 ], [ -45.852555, -9.915832 ], [ -45.852657, -9.919797 ], [ -45.846497, -9.924547 ], [ -45.846079, -9.925659 ], [ -45.847583, -9.928439 ], [ -45.847072, -9.930042 ], [ -45.844881, -9.932507 ], [ -45.842286, -9.941558 ], [ -45.843038, -9.942948 ], [ -45.84533, -9.943383 ], [ -45.845849, -9.945469 ], [ -45.845153, -9.947001 ], [ -45.845393, -9.949692 ], [ -45.847269, -9.952053 ], [ -45.84901, -9.956293 ], [ -45.847011, -9.960334 ], [ -45.847015, -9.962283 ], [ -45.850828, -9.971482 ], [ -45.851877, -9.979551 ], [ -45.853768, -9.980627 ], [ -45.852679, -9.982169 ], [ -45.853895, -9.982398 ], [ -45.853992, -9.983652 ], [ -45.85605, -9.983783 ], [ -45.857033, -9.984756 ], [ -45.855681, -9.985687 ], [ -45.854056, -9.990076 ], [ -45.855041, -9.991555 ], [ -45.853967, -9.992208 ], [ -45.855095, -9.994061 ], [ -45.854819, -9.996336 ], [ -45.855428, -9.996659 ], [ -45.856456, -9.995915 ], [ -45.857821, -9.99969 ], [ -45.859463, -10.001404 ], [ -45.859046, -10.00247 ], [ -45.860824, -10.003302 ], [ -45.860968, -10.004461 ], [ -45.863448, -10.005104 ], [ -45.864113, -10.008302 ], [ -45.86537, -10.006978 ], [ -45.866217, -10.008506 ], [ -45.864815, -10.009113 ], [ -45.865231, -10.010519 ], [ -45.865977, -10.010136 ], [ -45.867022, -10.011752 ], [ -45.86588, -10.0149 ], [ -45.867639, -10.015832 ], [ -45.8676, -10.018315 ], [ -45.869048, -10.020342 ], [ -45.86831, -10.021514 ], [ -45.869856, -10.022484 ], [ -45.869297, -10.023691 ], [ -45.870376, -10.024152 ], [ -45.871548, -10.026377 ], [ -45.871417, -10.028995 ], [ -45.87212, -10.029968 ], [ -45.871233, -10.030667 ], [ -45.871192, -10.032059 ], [ -45.872967, -10.031776 ], [ -45.871667, -10.034296 ], [ -45.87288, -10.034235 ], [ -45.872325, -10.036278 ], [ -45.873637, -10.037041 ], [ -45.873313, -10.038572 ], [ -45.875469, -10.040283 ], [ -45.874447, -10.042835 ], [ -45.875384, -10.04316 ], [ -45.874792, -10.045151 ], [ -45.876995, -10.050971 ], [ -45.875037, -10.053156 ], [ -45.875413, -10.054036 ], [ -45.874854, -10.054966 ], [ -45.87509, -10.055801 ], [ -45.876213, -10.056032 ], [ -45.875981, -10.057098 ], [ -45.876965, -10.057286 ], [ -45.876971, -10.058207 ], [ -45.878652, -10.057699 ], [ -45.880196, -10.058594 ], [ -45.880107, -10.061006 ], [ -45.877264, -10.064075 ], [ -45.876047, -10.064137 ], [ -45.876053, -10.065656 ], [ -45.875255, -10.065334 ], [ -45.87316, -10.066931 ], [ -45.872593, -10.066429 ], [ -45.871147, -10.067965 ], [ -45.871039, -10.069537 ], [ -45.869936, -10.069292 ], [ -45.869856, -10.074879 ] ] ], [ [ [ -45.141878, -1.471707 ], [ -45.141043, -1.471497 ], [ -45.140941, -1.473902 ], [ -45.141989, -1.477982 ], [ -45.143143, -1.475471 ], [ -45.141878, -1.471707 ] ] ], [ [ [ -45.098932, -1.445278 ], [ -45.095996, -1.450058 ], [ -45.096542, -1.450468 ], [ -45.097362, -1.450331 ], [ -45.098591, -1.448487 ], [ -45.099342, -1.446643 ], [ -45.098932, -1.445278 ] ] ], [ [ [ -45.107644, -1.445236 ], [ -45.104194, -1.450734 ], [ -45.102726, -1.455426 ], [ -45.102398, -1.460307 ], [ -45.103017, -1.464153 ], [ -45.105657, -1.467673 ], [ -45.112775, -1.470981 ], [ -45.129215, -1.471721 ], [ -45.13258, -1.46739 ], [ -45.133733, -1.463865 ], [ -45.133741, -1.460274 ], [ -45.131921, -1.458296 ], [ -45.129349, -1.457195 ], [ -45.127447, -1.455434 ], [ -45.127972, -1.451253 ], [ -45.123641, -1.445971 ], [ -45.124156, -1.438931 ], [ -45.118584, -1.432546 ], [ -45.117046, -1.429315 ], [ -45.111764, -1.422127 ], [ -45.110592, -1.421901 ], [ -45.110953, -1.429684 ], [ -45.109846, -1.437318 ], [ -45.107644, -1.445236 ] ] ], [ [ [ -45.072765, -1.437197 ], [ -45.070392, -1.438011 ], [ -45.070391, -1.440655 ], [ -45.072218, -1.442639 ], [ -45.071946, -1.443844 ], [ -45.069767, -1.443921 ], [ -45.069454, -1.447848 ], [ -45.072329, -1.450065 ], [ -45.072362, -1.454381 ], [ -45.074348, -1.455198 ], [ -45.074619, -1.456053 ], [ -45.073372, -1.458504 ], [ -45.073839, -1.459515 ], [ -45.074928, -1.459632 ], [ -45.083569, -1.447107 ], [ -45.084892, -1.442479 ], [ -45.084621, -1.43648 ], [ -45.08233, -1.430849 ], [ -45.080852, -1.428905 ], [ -45.078869, -1.427854 ], [ -45.076929, -1.428489 ], [ -45.077006, -1.429112 ], [ -45.074945, -1.430896 ], [ -45.072765, -1.437197 ] ] ], [ [ [ -45.089156, -1.444511 ], [ -45.093193, -1.443687 ], [ -45.094412, -1.442697 ], [ -45.095567, -1.440776 ], [ -45.096817, -1.435006 ], [ -45.094448, -1.424762 ], [ -45.092177, -1.42294 ], [ -45.087854, -1.42242 ], [ -45.08618, -1.424142 ], [ -45.08602, -1.426248 ], [ -45.086189, -1.428346 ], [ -45.088458, -1.433303 ], [ -45.088548, -1.443902 ], [ -45.089156, -1.444511 ] ] ], [ [ [ -45.417205, -1.402908 ], [ -45.408949, -1.399143 ], [ -45.404475, -1.401085 ], [ -45.404574, -1.409342 ], [ -45.411137, -1.418313 ], [ -45.413866, -1.420771 ], [ -45.419446, -1.413373 ], [ -45.420302, -1.407552 ], [ -45.417205, -1.402908 ] ] ], [ [ [ -45.071723, -1.373409 ], [ -45.070849, -1.378532 ], [ -45.072701, -1.380767 ], [ -45.074718, -1.381749 ], [ -45.074991, -1.384039 ], [ -45.074171, -1.386599 ], [ -45.074606, -1.389543 ], [ -45.077387, -1.39129 ], [ -45.082294, -1.391291 ], [ -45.084856, -1.393309 ], [ -45.086052, -1.396143 ], [ -45.085335, -1.399179 ], [ -45.087154, -1.400768 ], [ -45.086794, -1.402735 ], [ -45.088519, -1.40429 ], [ -45.089675, -1.408425 ], [ -45.0911, -1.408457 ], [ -45.091967, -1.409265 ], [ -45.091581, -1.411374 ], [ -45.094479, -1.411172 ], [ -45.094594, -1.411893 ], [ -45.092883, -1.413571 ], [ -45.096813, -1.419646 ], [ -45.099637, -1.432389 ], [ -45.100301, -1.4332 ], [ -45.101052, -1.433029 ], [ -45.103486, -1.425057 ], [ -45.102889, -1.421663 ], [ -45.093152, -1.404148 ], [ -45.088073, -1.391784 ], [ -45.082831, -1.382339 ], [ -45.081863, -1.377283 ], [ -45.077885, -1.373087 ], [ -45.074559, -1.372104 ], [ -45.071723, -1.373409 ] ] ], [ [ [ -45.097395, -1.385257 ], [ -45.096972, -1.388754 ], [ -45.097504, -1.390246 ], [ -45.103693, -1.399392 ], [ -45.10525, -1.403351 ], [ -45.105749, -1.410551 ], [ -45.108703, -1.41304 ], [ -45.111187, -1.41283 ], [ -45.112522, -1.405168 ], [ -45.117246, -1.391313 ], [ -45.120534, -1.389461 ], [ -45.121653, -1.387582 ], [ -45.124479, -1.387037 ], [ -45.12583, -1.387502 ], [ -45.126805, -1.38544 ], [ -45.125836, -1.381479 ], [ -45.12335, -1.376674 ], [ -45.123014, -1.373767 ], [ -45.114907, -1.363099 ], [ -45.113123, -1.362591 ], [ -45.108823, -1.364368 ], [ -45.099423, -1.371611 ], [ -45.093941, -1.379779 ], [ -45.09314, -1.382391 ], [ -45.094109, -1.38336 ], [ -45.096258, -1.383698 ], [ -45.097395, -1.385257 ] ] ], [ [ [ -45.495229, -1.347424 ], [ -45.497276, -1.354336 ], [ -45.497387, -1.359617 ], [ -45.499412, -1.361768 ], [ -45.500623, -1.353048 ], [ -45.496336, -1.346207 ], [ -45.495229, -1.347424 ] ] ], [ [ [ -45.486731, -1.340599 ], [ -45.48989, -1.34466 ], [ -45.490695, -1.347701 ], [ -45.491873, -1.348368 ], [ -45.492363, -1.346858 ], [ -45.491303, -1.343091 ], [ -45.488124, -1.339873 ], [ -45.487005, -1.339697 ], [ -45.486731, -1.340599 ] ] ], [ [ [ -45.576058, -1.262205 ], [ -45.573324, -1.261858 ], [ -45.572781, -1.260526 ], [ -45.571597, -1.260263 ], [ -45.570003, -1.261348 ], [ -45.569394, -1.269773 ], [ -45.573045, -1.273751 ], [ -45.574508, -1.273777 ], [ -45.576481, -1.271956 ], [ -45.574541, -1.266148 ], [ -45.574886, -1.265129 ], [ -45.576185, -1.264455 ], [ -45.576058, -1.262205 ] ] ], [ [ [ -45.650395, -1.229101 ], [ -45.649069, -1.230322 ], [ -45.649313, -1.233565 ], [ -45.650882, -1.234716 ], [ -45.652173, -1.234577 ], [ -45.651546, -1.230253 ], [ -45.650395, -1.229101 ] ] ], [ [ [ -45.688856, -1.183654 ], [ -45.679282, -1.188322 ], [ -45.676247, -1.190844 ], [ -45.674328, -1.194042 ], [ -45.673955, -1.198664 ], [ -45.67741, -1.203427 ], [ -45.676522, -1.213814 ], [ -45.674356, -1.218897 ], [ -45.671344, -1.219367 ], [ -45.668519, -1.222003 ], [ -45.667389, -1.225956 ], [ -45.667295, -1.230191 ], [ -45.66899, -1.235462 ], [ -45.668048, -1.243651 ], [ -45.670744, -1.251961 ], [ -45.674041, -1.255324 ], [ -45.679467, -1.258514 ], [ -45.685259, -1.263065 ], [ -45.692355, -1.265625 ], [ -45.693107, -1.2653 ], [ -45.698311, -1.256103 ], [ -45.709431, -1.244284 ], [ -45.710023, -1.242704 ], [ -45.709629, -1.231446 ], [ -45.71088, -1.227957 ], [ -45.70897, -1.220979 ], [ -45.699437, -1.198756 ], [ -45.697476, -1.195161 ], [ -45.691704, -1.188836 ], [ -45.690163, -1.185194 ], [ -45.688856, -1.183654 ] ] ], [ [ [ -45.568252, -1.191591 ], [ -45.564504, -1.192556 ], [ -45.555078, -1.196871 ], [ -45.539347, -1.205216 ], [ -45.537473, -1.212596 ], [ -45.532191, -1.220545 ], [ -45.533213, -1.225825 ], [ -45.540085, -1.230708 ], [ -45.553828, -1.229628 ], [ -45.578075, -1.230764 ], [ -45.593833, -1.241856 ], [ -45.595934, -1.241799 ], [ -45.596332, -1.239812 ], [ -45.59531, -1.237825 ], [ -45.588041, -1.230899 ], [ -45.580423, -1.221109 ], [ -45.579177, -1.215379 ], [ -45.57843, -1.206162 ], [ -45.5787, -1.203627 ], [ -45.580517, -1.200674 ], [ -45.579893, -1.195735 ], [ -45.576259, -1.192783 ], [ -45.568252, -1.191591 ] ] ], [ [ [ -45.771822, -1.18916 ], [ -45.768292, -1.191052 ], [ -45.768002, -1.194655 ], [ -45.769676, -1.196438 ], [ -45.773425, -1.194363 ], [ -45.774116, -1.192325 ], [ -45.773825, -1.190615 ], [ -45.771822, -1.18916 ] ] ], [ [ [ -45.956139, -1.187041 ], [ -45.953554, -1.182738 ], [ -45.953489, -1.187222 ], [ -45.954729, -1.19083 ], [ -45.955891, -1.191728 ], [ -45.956139, -1.187041 ] ] ], [ [ [ -45.90423, -1.161949 ], [ -45.894984, -1.152022 ], [ -45.892401, -1.150481 ], [ -45.89299, -1.152249 ], [ -45.898746, -1.159365 ], [ -45.904457, -1.163581 ], [ -45.90423, -1.161949 ] ] ], [ [ [ -45.6088, -1.156484 ], [ -45.610644, -1.153808 ], [ -45.60821, -1.150435 ], [ -45.606507, -1.150156 ], [ -45.604872, -1.151199 ], [ -45.604383, -1.159334 ], [ -45.606713, -1.160691 ], [ -45.609599, -1.160066 ], [ -45.609773, -1.157667 ], [ -45.6088, -1.156484 ] ] ], [ [ [ -45.805989, -1.129008 ], [ -45.804097, -1.142507 ], [ -45.804987, -1.145103 ], [ -45.8084, -1.146067 ], [ -45.808845, -1.148775 ], [ -45.810774, -1.150666 ], [ -45.813, -1.152521 ], [ -45.816672, -1.154078 ], [ -45.821406, -1.154713 ], [ -45.825946, -1.151705 ], [ -45.826799, -1.150629 ], [ -45.825908, -1.149146 ], [ -45.826131, -1.143397 ], [ -45.826947, -1.140764 ], [ -45.8255, -1.137315 ], [ -45.827615, -1.134163 ], [ -45.82691, -1.131604 ], [ -45.828023, -1.129749 ], [ -45.827281, -1.128043 ], [ -45.824499, -1.125966 ], [ -45.818601, -1.123407 ], [ -45.812592, -1.123185 ], [ -45.807818, -1.12447 ], [ -45.805692, -1.12719 ], [ -45.805989, -1.129008 ] ] ], [ [ [ -46.014279, -1.072025 ], [ -46.009482, -1.072583 ], [ -46.009315, -1.074269 ], [ -46.010174, -1.075824 ], [ -46.01692, -1.078277 ], [ -46.017384, -1.077253 ], [ -46.014279, -1.072025 ] ] ], [ [ [ -44.659159, -2.970742 ], [ -44.659988, -2.976104 ], [ -44.661566, -2.980344 ], [ -44.66369, -2.978392 ], [ -44.667107, -2.971828 ], [ -44.664086, -2.961787 ], [ -44.661682, -2.956896 ], [ -44.660599, -2.957733 ], [ -44.660868, -2.960974 ], [ -44.65965, -2.962378 ], [ -44.659159, -2.970742 ] ] ], [ [ [ -44.622351, -2.936049 ], [ -44.624657, -2.939601 ], [ -44.629221, -2.943333 ], [ -44.629365, -2.936615 ], [ -44.628472, -2.932985 ], [ -44.621077, -2.926333 ], [ -44.620911, -2.93126 ], [ -44.622351, -2.936049 ] ] ], [ [ [ -44.639711, -2.922291 ], [ -44.640057, -2.923564 ], [ -44.649282, -2.931555 ], [ -44.659608, -2.944587 ], [ -44.662328, -2.945211 ], [ -44.663587, -2.944826 ], [ -44.664731, -2.938758 ], [ -44.664322, -2.928322 ], [ -44.649729, -2.917974 ], [ -44.640966, -2.914777 ], [ -44.639711, -2.922291 ] ] ], [ [ [ -44.607217, -2.934969 ], [ -44.60076, -2.904978 ], [ -44.593178, -2.902024 ], [ -44.589617, -2.89484 ], [ -44.589374, -2.892044 ], [ -44.585963, -2.879582 ], [ -44.583436, -2.873459 ], [ -44.580573, -2.861067 ], [ -44.580377, -2.855655 ], [ -44.586394, -2.839252 ], [ -44.588506, -2.820785 ], [ -44.586183, -2.814651 ], [ -44.556051, -2.777766 ], [ -44.551822, -2.776451 ], [ -44.551379, -2.774427 ], [ -44.550399, -2.774382 ], [ -44.548227, -2.770695 ], [ -44.547386, -2.771843 ], [ -44.546634, -2.771621 ], [ -44.54142, -2.767068 ], [ -44.539875, -2.763931 ], [ -44.540247, -2.761849 ], [ -44.538171, -2.758623 ], [ -44.53635, -2.75386 ], [ -44.531736, -2.749457 ], [ -44.521248, -2.744079 ], [ -44.515851, -2.742508 ], [ -44.515322, -2.73724 ], [ -44.509883, -2.735298 ], [ -44.505957, -2.728933 ], [ -44.50325, -2.728255 ], [ -44.502206, -2.726432 ], [ -44.496702, -2.728202 ], [ -44.493789, -2.727009 ], [ -44.491893, -2.724332 ], [ -44.488483, -2.723789 ], [ -44.484789, -2.724663 ], [ -44.478671, -2.728408 ], [ -44.477247, -2.72998 ], [ -44.47576, -2.734454 ], [ -44.478296, -2.744812 ], [ -44.477341, -2.7541 ], [ -44.479359, -2.758234 ], [ -44.476459, -2.775137 ], [ -44.476742, -2.782538 ], [ -44.481251, -2.800417 ], [ -44.482111, -2.80801 ], [ -44.481232, -2.823995 ], [ -44.481802, -2.834375 ], [ -44.477261, -2.857245 ], [ -44.476091, -2.876649 ], [ -44.476371, -2.88799 ], [ -44.478564, -2.91424 ], [ -44.481535, -2.930388 ], [ -44.481914, -2.938365 ], [ -44.481618, -2.9474 ], [ -44.47902, -2.95786 ], [ -44.481781, -2.959707 ], [ -44.484686, -2.965356 ], [ -44.489708, -2.971383 ], [ -44.495597, -2.975963 ], [ -44.52435, -2.993939 ], [ -44.553709, -3.016319 ], [ -44.560918, -3.022531 ], [ -44.578301, -3.030936 ], [ -44.582424, -3.031919 ], [ -44.583404, -3.031295 ], [ -44.585078, -3.025876 ], [ -44.588332, -3.019394 ], [ -44.592061, -3.015176 ], [ -44.597195, -3.011634 ], [ -44.6068, -3.006687 ], [ -44.611264, -2.998776 ], [ -44.615698, -2.994915 ], [ -44.621178, -2.991526 ], [ -44.629032, -2.988998 ], [ -44.633258, -2.98635 ], [ -44.638143, -2.980965 ], [ -44.641553, -2.972683 ], [ -44.640944, -2.969796 ], [ -44.639902, -2.968609 ], [ -44.628373, -2.963354 ], [ -44.622721, -2.959621 ], [ -44.61885, -2.956307 ], [ -44.613869, -2.950553 ], [ -44.607217, -2.934969 ] ] ], [ [ [ -44.591533, -2.877842 ], [ -44.590969, -2.872983 ], [ -44.588008, -2.866674 ], [ -44.587019, -2.869041 ], [ -44.587818, -2.873935 ], [ -44.589165, -2.876974 ], [ -44.591533, -2.877842 ] ] ], [ [ [ -44.412268, -2.798299 ], [ -44.413586, -2.797091 ], [ -44.412599, -2.795665 ], [ -44.411698, -2.796751 ], [ -44.412268, -2.798299 ] ] ], [ [ [ -44.425509, -2.418232 ], [ -44.426107, -2.416399 ], [ -44.425516, -2.414895 ], [ -44.423363, -2.415578 ], [ -44.421917, -2.41521 ], [ -44.419987, -2.416595 ], [ -44.420267, -2.425448 ], [ -44.421484, -2.427315 ], [ -44.423807, -2.428449 ], [ -44.425196, -2.428016 ], [ -44.426659, -2.424283 ], [ -44.42646, -2.422566 ], [ -44.428169, -2.420325 ], [ -44.427671, -2.420064 ], [ -44.426825, -2.421301 ], [ -44.425509, -2.418232 ] ] ], [ [ [ -44.483157, -2.07873 ], [ -44.483515, -2.076935 ], [ -44.480462, -2.0755 ], [ -44.469685, -2.067964 ], [ -44.468069, -2.067965 ], [ -44.465555, -2.070837 ], [ -44.465555, -2.072632 ], [ -44.467891, -2.077118 ], [ -44.481002, -2.079089 ], [ -44.483157, -2.07873 ] ] ], [ [ [ -44.54027, -2.022546 ], [ -44.541478, -2.020988 ], [ -44.540117, -2.020065 ], [ -44.5383, -2.021239 ], [ -44.535419, -2.021745 ], [ -44.537687, -2.023081 ], [ -44.54027, -2.022546 ] ] ], [ [ [ -44.731977, -1.689362 ], [ -44.737587, -1.693571 ], [ -44.740031, -1.697995 ], [ -44.741729, -1.69887 ], [ -44.743796, -1.698869 ], [ -44.749312, -1.696885 ], [ -44.752407, -1.693543 ], [ -44.756222, -1.690848 ], [ -44.757379, -1.690893 ], [ -44.757949, -1.689338 ], [ -44.755109, -1.686568 ], [ -44.752627, -1.68628 ], [ -44.740392, -1.679533 ], [ -44.738473, -1.679091 ], [ -44.73552, -1.680126 ], [ -44.732231, -1.686197 ], [ -44.731977, -1.689362 ] ] ], [ [ [ -44.74535, -1.679267 ], [ -44.750338, -1.680249 ], [ -44.747119, -1.677287 ], [ -44.745367, -1.677791 ], [ -44.74535, -1.679267 ] ] ], [ [ [ -44.726933, -1.672474 ], [ -44.738575, -1.669018 ], [ -44.741583, -1.669116 ], [ -44.742015, -1.665687 ], [ -44.738163, -1.662642 ], [ -44.731234, -1.659343 ], [ -44.729213, -1.658693 ], [ -44.727938, -1.659101 ], [ -44.725818, -1.663237 ], [ -44.725643, -1.667417 ], [ -44.726105, -1.671187 ], [ -44.726933, -1.672474 ] ] ], [ [ [ -44.785344, -1.575857 ], [ -44.781212, -1.573835 ], [ -44.780157, -1.574012 ], [ -44.781125, -1.57647 ], [ -44.783673, -1.576736 ], [ -44.785344, -1.575857 ] ] ], [ [ [ -44.82606, -1.566399 ], [ -44.829017, -1.56804 ], [ -44.833677, -1.565459 ], [ -44.835796, -1.563675 ], [ -44.838882, -1.559308 ], [ -44.839111, -1.557486 ], [ -44.831217, -1.55691 ], [ -44.826596, -1.55903 ], [ -44.825138, -1.560831 ], [ -44.824374, -1.563603 ], [ -44.824628, -1.564781 ], [ -44.82606, -1.565128 ], [ -44.82606, -1.566399 ] ] ], [ [ [ -44.751614, -1.535 ], [ -44.748823, -1.53437 ], [ -44.744589, -1.53572 ], [ -44.737006, -1.536601 ], [ -44.732256, -1.544142 ], [ -44.731914, -1.549098 ], [ -44.735172, -1.55647 ], [ -44.737084, -1.557536 ], [ -44.741223, -1.56278 ], [ -44.748206, -1.569176 ], [ -44.752611, -1.571423 ], [ -44.758234, -1.577515 ], [ -44.762604, -1.580023 ], [ -44.763325, -1.57905 ], [ -44.763073, -1.570116 ], [ -44.761677, -1.552966 ], [ -44.76037, -1.55034 ], [ -44.75682, -1.548769 ], [ -44.755547, -1.549023 ], [ -44.754744, -1.547624 ], [ -44.754871, -1.54428 ], [ -44.753939, -1.542164 ], [ -44.753266, -1.536905 ], [ -44.751614, -1.535 ] ] ], [ [ [ -44.895671, -1.532669 ], [ -44.89837, -1.530599 ], [ -44.896301, -1.527956 ], [ -44.89498, -1.530026 ], [ -44.895671, -1.532669 ] ] ], [ [ [ -44.80923, -1.514871 ], [ -44.808085, -1.514156 ], [ -44.807657, -1.511627 ], [ -44.811013, -1.507824 ], [ -44.813642, -1.506347 ], [ -44.813404, -1.505679 ], [ -44.809249, -1.502289 ], [ -44.781194, -1.4851 ], [ -44.780287, -1.483237 ], [ -44.78277, -1.480518 ], [ -44.782054, -1.478608 ], [ -44.777952, -1.479851 ], [ -44.775571, -1.481764 ], [ -44.774192, -1.484581 ], [ -44.77439, -1.487304 ], [ -44.776467, -1.492493 ], [ -44.77904, -1.496072 ], [ -44.787583, -1.504328 ], [ -44.792136, -1.510797 ], [ -44.794999, -1.512898 ], [ -44.795043, -1.516379 ], [ -44.797188, -1.521818 ], [ -44.798907, -1.52325 ], [ -44.799765, -1.525254 ], [ -44.799381, -1.527401 ], [ -44.797844, -1.528371 ], [ -44.79727, -1.530469 ], [ -44.79794, -1.531664 ], [ -44.797274, -1.533429 ], [ -44.795893, -1.53467 ], [ -44.794215, -1.534522 ], [ -44.793729, -1.535329 ], [ -44.796374, -1.539106 ], [ -44.79402, -1.542296 ], [ -44.795067, -1.545587 ], [ -44.797637, -1.549215 ], [ -44.798162, -1.551505 ], [ -44.807418, -1.560141 ], [ -44.80914, -1.560991 ], [ -44.817868, -1.560576 ], [ -44.82254, -1.556988 ], [ -44.825454, -1.557141 ], [ -44.828553, -1.555853 ], [ -44.828989, -1.554141 ], [ -44.831333, -1.552142 ], [ -44.836591, -1.542792 ], [ -44.833555, -1.534438 ], [ -44.824969, -1.530761 ], [ -44.815812, -1.525654 ], [ -44.815001, -1.522982 ], [ -44.808943, -1.516541 ], [ -44.80923, -1.514871 ] ] ], [ [ [ -44.78413, -1.472721 ], [ -44.790779, -1.471093 ], [ -44.792692, -1.471667 ], [ -44.793536, -1.470439 ], [ -44.789899, -1.466323 ], [ -44.783915, -1.463498 ], [ -44.774443, -1.460338 ], [ -44.769277, -1.459475 ], [ -44.76641, -1.457992 ], [ -44.762777, -1.458229 ], [ -44.755506, -1.463197 ], [ -44.748746, -1.473248 ], [ -44.745444, -1.480079 ], [ -44.74305, -1.486962 ], [ -44.742329, -1.492699 ], [ -44.745858, -1.499023 ], [ -44.745235, -1.505332 ], [ -44.745852, -1.512072 ], [ -44.74738, -1.514465 ], [ -44.750678, -1.517286 ], [ -44.753786, -1.518146 ], [ -44.758135, -1.51714 ], [ -44.760146, -1.518438 ], [ -44.765737, -1.517767 ], [ -44.769801, -1.518391 ], [ -44.771997, -1.517817 ], [ -44.778199, -1.519205 ], [ -44.781299, -1.521319 ], [ -44.783978, -1.521988 ], [ -44.787371, -1.525961 ], [ -44.790484, -1.526587 ], [ -44.79292, -1.525971 ], [ -44.794689, -1.523714 ], [ -44.795024, -1.521273 ], [ -44.79149, -1.514007 ], [ -44.785324, -1.506117 ], [ -44.778301, -1.500188 ], [ -44.774846, -1.495179 ], [ -44.772185, -1.48586 ], [ -44.773327, -1.481513 ], [ -44.77586, -1.478504 ], [ -44.780829, -1.476303 ], [ -44.784034, -1.473915 ], [ -44.78413, -1.472721 ] ] ], [ [ [ -44.866714, -1.493056 ], [ -44.871577, -1.492307 ], [ -44.871992, -1.491295 ], [ -44.86847, -1.489605 ], [ -44.865967, -1.490146 ], [ -44.863803, -1.491771 ], [ -44.866714, -1.493056 ] ] ], [ [ [ -44.871043, -1.48771 ], [ -44.86942, -1.488116 ], [ -44.871382, -1.489063 ], [ -44.871043, -1.48771 ] ] ], [ [ [ -45.046127, -1.398954 ], [ -45.047248, -1.397242 ], [ -45.0475, -1.394206 ], [ -45.046625, -1.381765 ], [ -45.050054, -1.369607 ], [ -45.049807, -1.368023 ], [ -45.047725, -1.36619 ], [ -45.045056, -1.366779 ], [ -45.041639, -1.372565 ], [ -45.041052, -1.378642 ], [ -45.041675, -1.380557 ], [ -45.039427, -1.38817 ], [ -45.043625, -1.398321 ], [ -45.044627, -1.399117 ], [ -45.046127, -1.398954 ] ] ], [ [ [ -44.982066, -1.308268 ], [ -44.992537, -1.306131 ], [ -44.993205, -1.302 ], [ -44.996159, -1.296985 ], [ -44.99933, -1.296318 ], [ -45.001272, -1.294917 ], [ -45.001725, -1.292035 ], [ -44.992782, -1.274713 ], [ -44.986566, -1.266146 ], [ -44.981072, -1.264141 ], [ -44.971952, -1.267308 ], [ -44.966202, -1.271137 ], [ -44.960805, -1.271721 ], [ -44.954586, -1.270505 ], [ -44.952475, -1.26808 ], [ -44.946256, -1.2662 ], [ -44.929004, -1.266772 ], [ -44.913077, -1.26997 ], [ -44.899509, -1.274266 ], [ -44.885217, -1.281065 ], [ -44.878139, -1.285475 ], [ -44.872629, -1.292817 ], [ -44.870396, -1.299301 ], [ -44.871764, -1.302469 ], [ -44.873914, -1.304621 ], [ -44.874382, -1.307788 ], [ -44.87262, -1.31193 ], [ -44.86949, -1.313338 ], [ -44.868589, -1.315724 ], [ -44.866923, -1.328745 ], [ -44.868173, -1.329879 ], [ -44.873653, -1.328161 ], [ -44.877601, -1.330353 ], [ -44.881435, -1.335631 ], [ -44.886617, -1.345609 ], [ -44.889509, -1.348189 ], [ -44.892547, -1.349525 ], [ -44.894268, -1.349291 ], [ -44.894582, -1.347923 ], [ -44.893058, -1.346983 ], [ -44.891773, -1.341197 ], [ -44.894481, -1.337681 ], [ -44.901428, -1.337174 ], [ -44.90581, -1.340343 ], [ -44.916441, -1.344373 ], [ -44.92396, -1.352899 ], [ -44.927513, -1.355714 ], [ -44.93283, -1.357513 ], [ -44.933415, -1.35939 ], [ -44.936033, -1.362203 ], [ -44.940373, -1.363264 ], [ -44.943425, -1.364982 ], [ -44.943886, -1.368773 ], [ -44.94607, -1.372489 ], [ -44.946067, -1.376831 ], [ -44.947239, -1.378943 ], [ -44.949273, -1.379335 ], [ -44.950526, -1.377419 ], [ -44.957371, -1.377964 ], [ -44.95935, -1.3793 ], [ -44.961222, -1.383132 ], [ -44.966709, -1.386652 ], [ -44.967017, -1.38888 ], [ -44.968228, -1.390483 ], [ -44.978391, -1.394434 ], [ -44.980932, -1.3942 ], [ -44.982652, -1.395457 ], [ -44.985977, -1.395378 ], [ -44.989143, -1.401557 ], [ -44.998647, -1.40199 ], [ -45.004006, -1.399803 ], [ -45.005336, -1.40082 ], [ -45.012334, -1.394615 ], [ -45.014369, -1.391721 ], [ -45.016443, -1.391254 ], [ -45.021409, -1.384019 ], [ -45.022132, -1.378771 ], [ -45.021812, -1.37255 ], [ -45.019083, -1.369008 ], [ -45.018345, -1.36148 ], [ -45.014585, -1.353585 ], [ -45.01407, -1.349454 ], [ -45.016138, -1.346872 ], [ -45.021305, -1.347538 ], [ -45.025807, -1.346137 ], [ -45.033862, -1.338029 ], [ -45.031134, -1.328655 ], [ -45.030472, -1.323562 ], [ -45.030842, -1.321201 ], [ -45.028776, -1.318026 ], [ -45.023903, -1.319131 ], [ -45.010981, -1.32392 ], [ -45.005077, -1.325025 ], [ -44.987287, -1.322659 ], [ -44.981607, -1.320515 ], [ -44.978501, -1.316826 ], [ -44.979033, -1.311291 ], [ -44.982066, -1.308268 ] ] ], [ [ [ -44.094548, -2.750469 ], [ -44.096354, -2.750701 ], [ -44.094665, -2.749517 ], [ -44.094548, -2.750469 ] ] ], [ [ [ -44.092825, -2.748359 ], [ -44.093825, -2.747066 ], [ -44.092506, -2.746686 ], [ -44.09237, -2.747635 ], [ -44.092825, -2.748359 ] ] ], [ [ [ -44.373959, -2.577335 ], [ -44.373349, -2.57936 ], [ -44.374992, -2.577679 ], [ -44.373959, -2.577335 ] ] ], [ [ [ -44.363823, -2.544174 ], [ -44.365347, -2.545177 ], [ -44.366475, -2.543186 ], [ -44.365705, -2.54255 ], [ -44.363823, -2.544174 ] ] ], [ [ [ -44.36552, -2.540015 ], [ -44.366517, -2.539077 ], [ -44.36582, -2.538574 ], [ -44.365131, -2.539317 ], [ -44.36552, -2.540015 ] ] ], [ [ [ -44.362344, -2.527016 ], [ -44.363943, -2.528861 ], [ -44.365985, -2.526772 ], [ -44.367884, -2.526247 ], [ -44.370221, -2.528321 ], [ -44.371646, -2.526575 ], [ -44.372588, -2.521626 ], [ -44.368229, -2.518928 ], [ -44.364496, -2.519003 ], [ -44.363386, -2.519878 ], [ -44.36244, -2.522193 ], [ -44.361447, -2.5226 ], [ -44.362344, -2.527016 ] ] ], [ [ [ -44.360253, -2.523414 ], [ -44.359844, -2.522876 ], [ -44.359349, -2.523231 ], [ -44.359532, -2.523651 ], [ -44.360253, -2.523414 ] ] ], [ [ [ -43.680974, -2.506794 ], [ -43.679528, -2.504892 ], [ -43.678918, -2.506489 ], [ -43.68082, -2.508468 ], [ -43.680974, -2.506794 ] ] ], [ [ [ -43.709169, -2.482936 ], [ -43.710199, -2.484923 ], [ -43.710892, -2.485184 ], [ -43.710896, -2.483455 ], [ -43.709516, -2.482245 ], [ -43.709169, -2.482936 ] ] ], [ [ [ -43.471766, -2.470946 ], [ -43.469604, -2.470463 ], [ -43.464255, -2.483153 ], [ -43.464801, -2.484881 ], [ -43.467393, -2.48339 ], [ -43.473511, -2.473776 ], [ -43.471766, -2.470946 ] ] ], [ [ [ -43.851894, -2.46929 ], [ -43.852937, -2.472221 ], [ -43.853811, -2.473196 ], [ -43.853743, -2.469331 ], [ -43.851894, -2.46929 ] ] ], [ [ [ -43.851939, -2.466382 ], [ -43.850869, -2.463587 ], [ -43.8517, -2.468204 ], [ -43.851939, -2.466382 ] ] ], [ [ [ -43.854703, -2.448814 ], [ -43.855285, -2.449889 ], [ -43.856743, -2.449745 ], [ -43.8568, -2.448847 ], [ -43.855699, -2.448052 ], [ -43.854703, -2.448814 ] ] ], [ [ [ -43.85645, -2.431174 ], [ -43.852287, -2.429084 ], [ -43.850266, -2.426239 ], [ -43.850483, -2.425069 ], [ -43.851742, -2.42397 ], [ -43.853013, -2.423658 ], [ -43.852733, -2.424757 ], [ -43.853992, -2.424118 ], [ -43.852762, -2.420443 ], [ -43.84603, -2.427524 ], [ -43.846908, -2.430883 ], [ -43.848624, -2.432081 ], [ -43.850175, -2.436274 ], [ -43.853325, -2.439611 ], [ -43.856953, -2.440562 ], [ -43.85716, -2.441179 ], [ -43.854823, -2.44157 ], [ -43.858031, -2.44421 ], [ -43.863517, -2.442847 ], [ -43.867337, -2.444857 ], [ -43.868025, -2.446344 ], [ -43.870275, -2.445501 ], [ -43.868865, -2.440859 ], [ -43.862053, -2.432882 ], [ -43.858615, -2.430767 ], [ -43.85645, -2.431174 ] ] ], [ [ [ -43.788162, -2.415166 ], [ -43.788564, -2.415853 ], [ -43.789471, -2.415788 ], [ -43.788925, -2.415128 ], [ -43.788162, -2.415166 ] ] ], [ [ [ -43.787792, -2.403705 ], [ -43.785466, -2.400388 ], [ -43.783773, -2.400261 ], [ -43.782758, -2.399061 ], [ -43.78269, -2.39669 ], [ -43.781336, -2.395437 ], [ -43.781573, -2.39436 ], [ -43.780556, -2.393329 ], [ -43.781899, -2.391671 ], [ -43.780729, -2.3907 ], [ -43.782521, -2.389578 ], [ -43.784729, -2.385668 ], [ -43.786669, -2.38508 ], [ -43.786803, -2.387596 ], [ -43.787336, -2.387663 ], [ -43.788508, -2.381456 ], [ -43.786961, -2.377445 ], [ -43.77816, -2.372244 ], [ -43.770632, -2.369264 ], [ -43.765384, -2.369524 ], [ -43.760398, -2.371044 ], [ -43.75423, -2.377051 ], [ -43.753736, -2.378175 ], [ -43.754183, -2.378899 ], [ -43.760563, -2.377168 ], [ -43.762037, -2.377999 ], [ -43.762755, -2.379972 ], [ -43.767697, -2.386579 ], [ -43.766865, -2.38804 ], [ -43.767296, -2.391485 ], [ -43.769115, -2.394507 ], [ -43.768548, -2.397093 ], [ -43.770534, -2.398698 ], [ -43.775354, -2.407503 ], [ -43.777083, -2.409418 ], [ -43.785927, -2.412702 ], [ -43.786789, -2.414181 ], [ -43.788407, -2.414723 ], [ -43.787532, -2.407772 ], [ -43.787792, -2.403705 ] ] ], [ [ [ -43.547422, -2.359849 ], [ -43.542093, -2.360602 ], [ -43.539842, -2.368974 ], [ -43.541617, -2.37579 ], [ -43.541655, -2.378985 ], [ -43.543502, -2.386751 ], [ -43.548641, -2.397347 ], [ -43.552629, -2.401125 ], [ -43.557497, -2.409032 ], [ -43.557012, -2.413085 ], [ -43.558933, -2.415697 ], [ -43.559448, -2.419403 ], [ -43.561887, -2.423815 ], [ -43.566799, -2.425185 ], [ -43.573541, -2.425398 ], [ -43.57781, -2.423678 ], [ -43.581521, -2.423278 ], [ -43.587992, -2.418336 ], [ -43.590472, -2.415526 ], [ -43.595425, -2.413675 ], [ -43.601332, -2.412864 ], [ -43.601072, -2.408324 ], [ -43.599765, -2.407429 ], [ -43.608866, -2.39024 ], [ -43.6088, -2.385018 ], [ -43.613081, -2.381792 ], [ -43.61288, -2.378492 ], [ -43.607863, -2.373743 ], [ -43.60666, -2.37161 ], [ -43.598341, -2.366857 ], [ -43.581978, -2.362575 ], [ -43.569977, -2.361463 ], [ -43.569089, -2.360153 ], [ -43.564952, -2.358918 ], [ -43.562207, -2.356783 ], [ -43.558058, -2.355496 ], [ -43.547422, -2.359849 ] ] ], [ [ [ -43.51374, -2.376822 ], [ -43.512345, -2.380104 ], [ -43.50802, -2.382072 ], [ -43.506624, -2.383998 ], [ -43.50581, -2.39301 ], [ -43.506149, -2.402529 ], [ -43.506999, -2.405424 ], [ -43.512206, -2.405546 ], [ -43.516185, -2.406814 ], [ -43.520984, -2.405236 ], [ -43.527161, -2.404918 ], [ -43.535325, -2.406755 ], [ -43.536521, -2.406404 ], [ -43.537218, -2.405636 ], [ -43.534328, -2.399043 ], [ -43.533685, -2.394452 ], [ -43.531034, -2.38804 ], [ -43.529905, -2.383324 ], [ -43.530406, -2.381637 ], [ -43.5298, -2.378549 ], [ -43.526837, -2.370738 ], [ -43.524796, -2.370096 ], [ -43.521472, -2.370707 ], [ -43.51374, -2.376822 ] ] ] ] } }
]
}
